x_geos,y_geos,Dust,lat,lon
1013030.62,3572161.0,1.0,35.858136,-63.229592
1011026.69,3570157.0,1.0,35.832407,-63.257827
1013030.62,3570157.0,1.0,35.832932,-63.233978
1011026.69,3568153.0,1.0,35.807216,-63.262196
866737.38,3492000.25,1.0,34.825861,-65.106089
868741.38,3492000.25,1.0,34.826283,-65.082816
-1321649.38,2303618.0,1.0,21.721828,-88.138005
-1317641.5,2303618.0,1.0,21.721209,-88.096998
-1315637.5,2303618.0,1.0,21.7209,-88.076499
-1319645.5,2301614.0,1.0,21.701083,-88.115249
-1317641.5,2301614.0,1.0,21.700774,-88.094751
-1315637.5,2301614.0,1.0,21.700466,-88.074255
-1313633.25,2301614.0,1.0,21.700158,-88.053759
-1311629.25,2301614.0,1.0,21.699851,-88.033269
-1309625.38,2301614.0,1.0,21.699544,-88.012783
-1307621.38,2301614.0,1.0,21.699238,-87.992298
-1305617.38,2301614.0,1.0,21.698932,-87.971816
-1303613.12,2301614.0,1.0,21.698627,-87.951334
-1301609.25,2301614.0,1.0,21.698322,-87.930859
-1319645.5,2299610.0,1.0,21.680652,-88.113001
-1317641.5,2299610.0,1.0,21.680343,-88.092506
-1315637.5,2299610.0,1.0,21.680035,-88.072014
-1313633.25,2299610.0,1.0,21.679728,-88.051522
-1311629.25,2299610.0,1.0,21.679421,-88.031035
-1337681.62,2293598.0,1.0,21.622174,-88.290753
-1335677.75,2293598.0,1.0,21.621862,-88.270246
-1445898.5,2271553.75,1.0,21.415204,-89.375542
-1445898.5,2269549.75,1.0,21.394815,-89.373106
850705.12,2007023.62,1.0,18.694748,-66.803517
852709.62,2007023.62,1.0,18.694909,-66.783987
854713.62,2007023.62,1.0,18.695069,-66.76446
856717.56,2007023.62,1.0,18.695231,-66.744932
858721.56,2007023.62,1.0,18.695392,-66.725402
870745.31,2007023.62,1.0,18.69637,-66.608192
872749.31,2007023.62,1.0,18.696534,-66.588651
874753.81,2007023.62,1.0,18.696699,-66.569103
850705.12,2005019.38,1.0,18.674981,-66.804662
852709.62,2005019.38,1.0,18.675141,-66.785135
854713.62,2005019.38,1.0,18.675302,-66.765611
856717.56,2005019.38,1.0,18.675463,-66.746086
868741.38,2005019.38,1.0,18.676437,-66.628901
870745.31,2005019.38,1.0,18.676601,-66.609365
872749.31,2005019.38,1.0,18.676765,-66.589827
874753.81,2005019.38,1.0,18.676929,-66.570282
848701.19,2003015.38,1.0,18.65506,-66.825323
850705.12,2003015.38,1.0,18.655219,-66.805806
852709.62,2003015.38,1.0,18.655379,-66.786281
866737.38,2003015.38,1.0,18.65651,-66.649602
868741.38,2003015.38,1.0,18.656674,-66.630069
870745.31,2003015.38,1.0,18.656837,-66.610536
872749.31,2003015.38,1.0,18.657001,-66.591001
874753.81,2003015.38,1.0,18.657165,-66.571459
844693.25,2001011.5,1.0,18.634986,-66.865488
846697.19,2001011.5,1.0,18.635145,-66.845976
848701.19,2001011.5,1.0,18.635304,-66.826462
850705.12,2001011.5,1.0,18.635463,-66.806947
868741.38,2001011.5,1.0,18.636915,-66.631236
870745.31,2001011.5,1.0,18.637078,-66.611706
872749.31,2001011.5,1.0,18.637242,-66.592173
874753.81,2001011.5,1.0,18.637406,-66.572634
844693.25,1999007.5,1.0,18.615232,-66.86662
846697.19,1999007.5,1.0,18.615391,-66.847111
848701.19,1999007.5,1.0,18.61555,-66.8276
850705.12,1999007.5,1.0,18.615709,-66.808088
870745.31,1999007.5,1.0,18.617322,-66.612874
872749.31,1999007.5,1.0,18.617486,-66.593344
874753.81,1999007.5,1.0,18.61765,-66.573807
846697.19,1997003.5,1.0,18.595641,-66.848243
848701.19,1997003.5,1.0,18.595799,-66.828735
850705.12,1997003.5,1.0,18.595958,-66.809226
870745.31,1997003.5,1.0,18.59757,-66.61404
872749.31,1997003.5,1.0,18.597733,-66.594513
874753.81,1997003.5,1.0,18.597897,-66.574979
1011026.69,1884778.5,1.0,17.50846,-65.316338
1013030.62,1884778.5,1.0,17.508637,-65.296843
964934.38,1882774.5,1.0,17.484924,-65.76544
904813.81,1868746.25,1.0,17.343212,-66.355992
1089183.5,1856722.12,1.0,17.241786,-64.573427
1091187.5,1856722.12,1.0,17.241973,-64.553894
1093191.38,1856722.12,1.0,17.242162,-64.534359
1089183.5,1854718.25,1.0,17.222251,-64.574757
1091187.5,1854718.25,1.0,17.222438,-64.555226
1093191.38,1854718.25,1.0,17.222626,-64.535694
1089183.5,1852714.25,1.0,17.202718,-64.576085
1091187.5,1852714.25,1.0,17.202905,-64.556556
1093191.38,1852714.25,1.0,17.203093,-64.537027
1095195.38,1852714.25,1.0,17.203281,-64.517495
952910.06,1850710.25,1.0,17.171317,-65.900755
954914.06,1850710.25,1.0,17.171479,-65.881354
1091187.5,1850710.25,1.0,17.183375,-64.557885
1093191.38,1850710.25,1.0,17.183563,-64.538358
1095195.38,1850710.25,1.0,17.183751,-64.518829
950906.12,1848706.0,1.0,17.151642,-65.921301
952910.06,1848706.0,1.0,17.151804,-65.901905
954914.06,1848706.0,1.0,17.151967,-65.882507
946898.19,1846702.12,1.0,17.131815,-65.961229
948902.12,1846702.12,1.0,17.131976,-65.941839
952910.06,1846702.12,1.0,17.132299,-65.903054
954914.06,1846702.12,1.0,17.132461,-65.883658
988982.5,1846702.12,1.0,17.135271,-65.553664
946898.19,1844698.12,1.0,17.112312,-65.962368
948902.12,1844698.12,1.0,17.112472,-65.942981
950906.12,1844698.12,1.0,17.112633,-65.923591
952910.06,1844698.12,1.0,17.112795,-65.9042
954914.06,1844698.12,1.0,17.112957,-65.884807
1015034.62,1844698.12,1.0,17.117979,-65.302199
946898.19,1842694.12,1.0,17.092812,-65.963506
948902.12,1842694.12,1.0,17.092972,-65.944121
950906.12,1842694.12,1.0,17.093133,-65.924734
952910.06,1842694.12,1.0,17.093295,-65.905345
946898.19,1840690.12,1.0,17.073315,-65.964642
948902.12,1840690.12,1.0,17.073476,-65.945259
950906.12,1840690.12,1.0,17.073636,-65.925875
952910.06,1840690.12,1.0,17.073797,-65.906489
948902.12,1838686.0,1.0,17.053981,-65.946396
950906.12,1838686.0,1.0,17.054141,-65.927014
952910.06,1838686.0,1.0,17.054302,-65.907631
984974.56,1838686.0,1.0,17.056924,-65.597251
950906.12,1836682.0,1.0,17.034651,-65.928151
952910.06,1836682.0,1.0,17.034811,-65.908771
954914.06,1836682.0,1.0,17.034972,-65.889388
952910.06,1834678.0,1.0,17.015324,-65.909909
954914.06,1834678.0,1.0,17.015484,-65.890529
950906.12,1832674.0,1.0,16.995679,-65.930421
952910.06,1832674.0,1.0,16.995839,-65.911046
954914.06,1832674.0,1.0,16.996,-65.891668
956918.56,1832674.0,1.0,16.996161,-65.872283
950906.12,1830670.12,1.0,16.976199,-65.931554
952910.06,1830670.12,1.0,16.976359,-65.912181
954914.06,1830670.12,1.0,16.976519,-65.892805
956918.56,1830670.12,1.0,16.97668,-65.873423
1001006.88,1830670.12,1.0,16.980304,-65.446683
1003010.81,1830670.12,1.0,16.980473,-65.427266
1005014.81,1830670.12,1.0,16.980642,-65.407847
950906.12,1828665.88,1.0,16.956719,-65.932685
952910.06,1828665.88,1.0,16.956879,-65.913314
999002.88,1828665.88,1.0,16.96065,-65.46729
1001006.88,1828665.88,1.0,16.960818,-65.447876
1003010.81,1828665.88,1.0,16.960986,-65.428462
1005014.81,1828665.88,1.0,16.961155,-65.409046
952910.06,1826661.88,1.0,16.937404,-65.914446
992990.44,1824657.88,1.0,16.921191,-65.527884
994994.44,1824657.88,1.0,16.921358,-65.508481
946898.19,1804617.75,1.0,16.722915,-65.984802
940886.25,1800609.75,1.0,16.683579,-66.044999
942890.25,1800609.75,1.0,16.683734,-66.02567
944894.19,1800609.75,1.0,16.683889,-66.006341
946898.19,1800609.75,1.0,16.684045,-65.987009
940886.25,1798605.88,1.0,16.664151,-66.046092
942890.25,1798605.88,1.0,16.664305,-66.026766
944894.19,1798605.88,1.0,16.66446,-66.007439
946898.19,1798605.88,1.0,16.664616,-65.98811
948902.12,1798605.88,1.0,16.664772,-65.968779
980966.69,1798605.88,1.0,16.66731,-65.659246
940886.25,1796601.62,1.0,16.644722,-66.047184
944894.19,1796601.62,1.0,16.645031,-66.008536
946898.19,1796601.62,1.0,16.645186,-65.989209
948902.12,1796601.62,1.0,16.645342,-65.969881
950906.12,1796601.62,1.0,16.645497,-65.950551
978962.69,1796601.62,1.0,16.647716,-65.679742
980966.69,1796601.62,1.0,16.647877,-65.660387
940886.25,1794597.62,1.0,16.625298,-66.048275
942890.25,1794597.62,1.0,16.625452,-66.028953
944894.19,1794597.62,1.0,16.625607,-66.009631
946898.19,1794597.62,1.0,16.625762,-65.990307
948902.12,1794597.62,1.0,16.625917,-65.970981
950906.12,1794597.62,1.0,16.626073,-65.951653
978962.69,1794597.62,1.0,16.628288,-65.680879
980966.69,1794597.62,1.0,16.628449,-65.661526
940886.25,1792593.62,1.0,16.605877,-66.049363
942890.25,1792593.62,1.0,16.606031,-66.030045
944894.19,1792593.62,1.0,16.606186,-66.010725
946898.19,1792593.62,1.0,16.606341,-65.991403
948902.12,1792593.62,1.0,16.606496,-65.972079
980966.69,1792593.62,1.0,16.609024,-65.662663
940886.25,1790589.75,1.0,16.586461,-66.05045
942890.25,1790589.75,1.0,16.586615,-66.031134
944894.19,1790589.75,1.0,16.586769,-66.011817
946898.19,1790589.75,1.0,16.586924,-65.992497
940886.25,1788585.75,1.0,16.567047,-66.051536
942890.25,1788585.75,1.0,16.5672,-66.032222
944894.19,1788585.75,1.0,16.567354,-66.012907
946898.19,1788585.75,1.0,16.567509,-65.99359
944894.19,1786581.5,1.0,16.54794,-66.013996
946898.19,1786581.5,1.0,16.548094,-65.994681
942890.25,1784577.5,1.0,16.528378,-66.034393
944894.19,1784577.5,1.0,16.528531,-66.015083
946898.19,1784577.5,1.0,16.528685,-65.99577
942890.25,1782573.62,1.0,16.508974,-66.035476
1007018.75,1782573.62,1.0,16.514049,-65.416758
1009022.69,1782573.62,1.0,16.514214,-65.397395
1037078.75,1782573.62,1.0,16.516549,-65.126116
954914.06,1780569.62,1.0,16.490495,-65.920698
956918.56,1780569.62,1.0,16.49065,-65.901377
958922.5,1780569.62,1.0,16.490806,-65.88206
1037078.75,1780569.62,1.0,16.497136,-65.12731
954914.06,1778565.62,1.0,16.471094,-65.921792
956918.56,1778565.62,1.0,16.471249,-65.902474
958922.5,1778565.62,1.0,16.471405,-65.883159
960926.44,1778565.62,1.0,16.47156,-65.863842
956918.56,1776561.38,1.0,16.451849,-65.903569
958922.5,1776561.38,1.0,16.452004,-65.884256
960926.44,1776561.38,1.0,16.45216,-65.864942
954914.06,1774557.5,1.0,16.432301,-65.923975
956918.56,1774557.5,1.0,16.432456,-65.904662
958922.5,1774557.5,1.0,16.432611,-65.885352
960926.44,1774557.5,1.0,16.432766,-65.86604
952910.06,1772553.5,1.0,16.412756,-65.944369
954914.06,1772553.5,1.0,16.41291,-65.925065
956918.56,1772553.5,1.0,16.413064,-65.905753
958922.5,1772553.5,1.0,16.413219,-65.886446
934873.88,1770549.5,1.0,16.391999,-66.119103
936878.31,1770549.5,1.0,16.39215,-66.099812
938882.31,1770549.5,1.0,16.392301,-66.080522
942890.25,1770549.5,1.0,16.392604,-66.04194
950906.12,1770549.5,1.0,16.393214,-65.964755
952910.06,1770549.5,1.0,16.393368,-65.945455
954914.06,1770549.5,1.0,16.393521,-65.926152
960926.44,1770549.5,1.0,16.393984,-65.868231
962930.44,1770549.5,1.0,16.39414,-65.848922
934873.88,1768545.5,1.0,16.372616,-66.120165
936878.31,1768545.5,1.0,16.372766,-66.100876
950906.12,1768545.5,1.0,16.373829,-65.965836
952910.06,1768545.5,1.0,16.373982,-65.946538
958922.5,1768545.5,1.0,16.374444,-65.888629
960926.44,1768545.5,1.0,16.374598,-65.869324
1007018.75,1768545.5,1.0,16.378246,-65.424831
1009022.69,1768545.5,1.0,16.378408,-65.405485
934873.88,1766541.25,1.0,16.353233,-66.121226
950906.12,1766541.25,1.0,16.354445,-65.966916
952910.06,1766541.25,1.0,16.354598,-65.94762
1007018.75,1766541.25,1.0,16.358855,-65.425978
1009022.69,1766541.25,1.0,16.359018,-65.406634
958922.5,1764537.38,1.0,16.33568,-65.890805
1007018.75,1764537.38,1.0,16.339471,-65.427122
1009022.69,1764537.38,1.0,16.339633,-65.407781
1099203.38,1764537.38,1.0,16.347285,-64.535487
1005014.81,1762533.38,1.0,16.319927,-65.447602
1007018.75,1762533.38,1.0,16.320089,-65.428265
1009022.69,1762533.38,1.0,16.320251,-65.408926
1097199.38,1762533.38,1.0,16.327714,-64.556164
1099203.38,1762533.38,1.0,16.327891,-64.53674
1101207.25,1762533.38,1.0,16.328069,-64.517316
1005014.81,1760529.38,1.0,16.300548,-65.448741
1007018.75,1760529.38,1.0,16.30071,-65.429406
1099203.38,1760529.38,1.0,16.308501,-64.537992
1109223.62,1760529.38,1.0,16.309392,-64.440854
974954.25,1758525.5,1.0,16.278797,-65.739667
1005014.81,1758525.5,1.0,16.281174,-65.449878
1029062.94,1758525.5,1.0,16.28313,-65.217764
1031066.88,1758525.5,1.0,16.283295,-65.19841
1131267.88,1758525.5,1.0,16.291991,-64.228268
928861.94,1756521.25,1.0,16.255932,-66.184307
930865.94,1756521.25,1.0,16.25608,-66.165041
974954.25,1756521.25,1.0,16.259425,-65.740767
1005014.81,1756521.25,1.0,16.261799,-65.451014
1031066.88,1756521.25,1.0,16.263917,-65.199576
1131267.88,1756521.25,1.0,16.2726,-64.229555
1133271.75,1756521.25,1.0,16.272783,-64.210106
926858.0,1754517.25,1.0,16.236422,-66.204613
928861.94,1754517.25,1.0,16.23657,-66.185351
930865.94,1754517.25,1.0,16.236718,-66.166088
974954.25,1754517.25,1.0,16.240058,-65.741865
1131267.88,1754517.25,1.0,16.253215,-64.23084
1133271.75,1754517.25,1.0,16.253397,-64.211393
1135275.75,1754517.25,1.0,16.25358,-64.191943
926858.0,1752513.25,1.0,16.217064,-66.205653
928861.94,1752513.25,1.0,16.217211,-66.186394
930865.94,1752513.25,1.0,16.217359,-66.167132
932869.88,1752513.25,1.0,16.217507,-66.14787
1097199.38,1752513.25,1.0,16.230794,-64.562391
1131267.88,1752513.25,1.0,16.233833,-64.232122
1133271.75,1752513.25,1.0,16.234015,-64.212678
1135275.75,1752513.25,1.0,16.234197,-64.193231
930865.94,1750509.38,1.0,16.198005,-66.168175
932869.88,1750509.38,1.0,16.198153,-66.148915
1015034.62,1750509.38,1.0,16.204504,-65.357776
1017038.56,1750509.38,1.0,16.204666,-65.338444
1019043.06,1750509.38,1.0,16.204828,-65.319105
1097199.38,1750509.38,1.0,16.21142,-64.563631
1099203.38,1750509.38,1.0,16.211596,-64.544222
1131267.88,1750509.38,1.0,16.214455,-64.233403
1133271.75,1750509.38,1.0,16.214637,-64.213961
1013030.62,1748505.38,1.0,16.18498,-65.378245
1015034.62,1748505.38,1.0,16.185142,-65.358916
1097199.38,1748505.38,1.0,16.192048,-64.564869
1099203.38,1748505.38,1.0,16.192224,-64.545462
1111227.62,1748505.38,1.0,16.193284,-64.428979
1131267.88,1748505.38,1.0,16.195079,-64.234682
1095195.38,1746501.38,1.0,16.172504,-64.585508
1097199.38,1746501.38,1.0,16.172679,-64.566105
1099203.38,1746501.38,1.0,16.172854,-64.546701
1131267.88,1746501.38,1.0,16.175706,-64.235959
1133271.75,1746501.38,1.0,16.175887,-64.216522
958922.5,1744497.12,1.0,16.142045,-65.90159
996998.38,1744497.12,1.0,16.144988,-65.535042
1097199.38,1744497.12,1.0,16.153311,-64.56734
1131267.88,1744497.12,1.0,16.156333,-64.237234
1133271.75,1744497.12,1.0,16.156514,-64.217799
1135275.75,1744497.12,1.0,16.156695,-64.198362
996998.38,1742493.12,1.0,16.125637,-65.536156
1023051.0,1742493.12,1.0,16.127717,-65.285021
1131267.88,1742493.12,1.0,16.136966,-64.238507
1133271.75,1742493.12,1.0,16.137146,-64.219075
1135275.75,1742493.12,1.0,16.137327,-64.199639
1021047.06,1740489.25,1.0,16.108205,-65.305489
1023051.0,1740489.25,1.0,16.108367,-65.286164
1129263.88,1740489.25,1.0,16.117423,-64.259207
1131267.88,1740489.25,1.0,16.117603,-64.239778
948902.12,1738485.25,1.0,16.083263,-66.001121
1019043.06,1738485.25,1.0,16.088696,-65.32595
1021047.06,1738485.25,1.0,16.088858,-65.306628
1023051.0,1738485.25,1.0,16.089019,-65.287305
1137279.75,1738485.25,1.0,16.098783,-64.182757
1139283.75,1738485.25,1.0,16.098964,-64.163322
946898.19,1736481.25,1.0,16.063777,-66.02143
948902.12,1736481.25,1.0,16.063926,-66.002174
950906.12,1736481.25,1.0,16.064075,-65.982915
1019043.06,1736481.25,1.0,16.069352,-65.327085
1021047.06,1736481.25,1.0,16.069513,-65.307765
1023051.0,1736481.25,1.0,16.069674,-65.288445
944894.19,1734477.0,1.0,16.044292,-66.041733
946898.19,1734477.0,1.0,16.04444,-66.02248
948902.12,1734477.0,1.0,16.044589,-66.003225
950906.12,1734477.0,1.0,16.044738,-65.983968
1001006.88,1734477.0,1.0,16.048576,-65.501993
1013030.62,1734477.0,1.0,16.049527,-65.386162
1015034.62,1734477.0,1.0,16.049687,-65.366851
1017038.56,1734477.0,1.0,16.049847,-65.347538
1019043.06,1734477.0,1.0,16.050007,-65.328218
1021047.06,1734477.0,1.0,16.050168,-65.308901
1023051.0,1734477.0,1.0,16.050329,-65.289582
944894.19,1732473.12,1.0,16.024962,-66.042778
946898.19,1732473.12,1.0,16.025111,-66.023527
948902.12,1732473.12,1.0,16.025259,-66.004275
1013030.62,1732473.12,1.0,16.03019,-65.387287
1015034.62,1732473.12,1.0,16.03035,-65.367977
1017038.56,1732473.12,1.0,16.03051,-65.348667
1019043.06,1732473.12,1.0,16.03067,-65.329349
1025055.0,1732473.12,1.0,16.031153,-65.2714
1027058.94,1732473.12,1.0,16.031314,-65.25208
944894.19,1730469.12,1.0,16.005635,-66.043822
946898.19,1730469.12,1.0,16.005783,-66.024573
948902.12,1730469.12,1.0,16.005931,-66.005323
1015034.62,1730469.12,1.0,16.011014,-65.369102
1017038.56,1730469.12,1.0,16.011174,-65.349794
1025055.0,1730469.12,1.0,16.011816,-65.272536
1027058.94,1730469.12,1.0,16.011977,-65.253219
930865.94,1728465.12,1.0,15.985284,-66.179546
948902.12,1728465.12,1.0,15.986606,-66.00637
950906.12,1728465.12,1.0,15.986755,-65.98712
954914.06,1728465.12,1.0,15.987053,-65.948616
956918.56,1728465.12,1.0,15.987202,-65.929356
982970.62,1728465.12,1.0,15.989176,-65.67889
1013030.62,1728465.12,1.0,15.991523,-65.38953
1015034.62,1728465.12,1.0,15.991682,-65.370225
1017038.56,1728465.12,1.0,15.991841,-65.350919
1027058.94,1728465.12,1.0,15.992643,-65.254356
930865.94,1726461.25,1.0,15.965965,-66.18057
950906.12,1726461.25,1.0,15.967433,-65.988167
952910.06,1726461.25,1.0,15.967582,-65.968919
954914.06,1726461.25,1.0,15.967731,-65.949668
956918.56,1726461.25,1.0,15.96788,-65.93041
968942.31,1726461.25,1.0,15.968783,-65.814863
970946.31,1726461.25,1.0,15.968935,-65.795598
982970.62,1726461.25,1.0,15.969852,-65.679974
984974.56,1726461.25,1.0,15.970005,-65.660699
1013030.62,1726461.25,1.0,15.972195,-65.390649
1015034.62,1726461.25,1.0,15.972354,-65.371347
930865.94,1724457.0,1.0,15.946645,-66.181593
952910.06,1724457.0,1.0,15.94826,-65.969967
970946.31,1724457.0,1.0,15.949611,-65.796667
982970.62,1724457.0,1.0,15.950526,-65.681057
1015034.62,1724457.0,1.0,15.953025,-65.372466
916838.12,1722453.0,1.0,15.926325,-66.317165
918842.12,1722453.0,1.0,15.926467,-66.297948
930865.94,1722453.0,1.0,15.92733,-66.182614
938882.31,1722453.0,1.0,15.927912,-66.105688
938882.31,1720449.0,1.0,15.9086,-66.106717
1031066.88,1720449.0,1.0,15.915658,-65.22027
1033070.81,1720449.0,1.0,15.915819,-65.20096
1035074.81,1720449.0,1.0,15.91598,-65.181646
1037078.75,1720449.0,1.0,15.916142,-65.162332
1039083.25,1720449.0,1.0,15.916304,-65.14301
982970.62,1718445.0,1.0,15.892575,-65.684295
926858.0,1714436.88,1.0,15.849813,-66.225116
928861.94,1714436.88,1.0,15.849956,-66.205901
930865.94,1714436.88,1.0,15.8501,-66.186684
924854.0,1712432.88,1.0,15.83037,-66.245337
926858.0,1712432.88,1.0,15.830513,-66.226125
928861.94,1712432.88,1.0,15.830657,-66.206912
930865.94,1712432.88,1.0,15.8308,-66.187697
932869.88,1712432.88,1.0,15.830944,-66.168481
934873.88,1712432.88,1.0,15.831089,-66.149262
936878.31,1712432.88,1.0,15.831233,-66.130038
1157319.88,1712432.88,1.0,15.849134,-64.005043
924854.0,1710428.88,1.0,15.811074,-66.246342
926858.0,1710428.88,1.0,15.811217,-66.227133
928861.94,1710428.88,1.0,15.81136,-66.207922
930865.94,1710428.88,1.0,15.811503,-66.188709
932869.88,1710428.88,1.0,15.811647,-66.169495
934873.88,1710428.88,1.0,15.811791,-66.150279
936878.31,1710428.88,1.0,15.811935,-66.131057
924854.0,1708425.0,1.0,15.791782,-66.247346
926858.0,1708425.0,1.0,15.791924,-66.228138
928861.94,1708425.0,1.0,15.792067,-66.20893
930865.94,1708425.0,1.0,15.79221,-66.189719
932869.88,1708425.0,1.0,15.792354,-66.170508
934873.88,1708425.0,1.0,15.792498,-66.151294
936878.31,1708425.0,1.0,15.792642,-66.132074
986978.56,1708425.0,1.0,15.796351,-65.651147
924854.0,1706421.0,1.0,15.772491,-66.248348
926858.0,1706421.0,1.0,15.772633,-66.229143
928861.94,1706421.0,1.0,15.772776,-66.209936
930865.94,1706421.0,1.0,15.772919,-66.190728
932869.88,1706421.0,1.0,15.773062,-66.171519
934873.88,1706421.0,1.0,15.773206,-66.152307
936878.31,1706421.0,1.0,15.77335,-66.13309
938882.31,1706421.0,1.0,15.773494,-66.113875
986978.56,1706421.0,1.0,15.777054,-65.652219
916838.12,1704416.75,1.0,15.752635,-66.326143
918842.12,1704416.75,1.0,15.752776,-66.306946
922850.06,1704416.75,1.0,15.753059,-66.268549
924854.0,1704416.75,1.0,15.753201,-66.249348
926858.0,1704416.75,1.0,15.753343,-66.230145
928861.94,1704416.75,1.0,15.753485,-66.210942
930865.94,1704416.75,1.0,15.753628,-66.191735
932869.88,1704416.75,1.0,15.753771,-66.172528
934873.88,1704416.75,1.0,15.753915,-66.153319
936878.31,1704416.75,1.0,15.754058,-66.134104
938882.31,1704416.75,1.0,15.754203,-66.114891
948902.12,1704416.75,1.0,15.754928,-66.018805
956918.56,1704416.75,1.0,15.755514,-65.941902
958922.5,1704416.75,1.0,15.755661,-65.922673
960926.44,1704416.75,1.0,15.755809,-65.903443
962930.44,1704416.75,1.0,15.755957,-65.884211
986978.56,1704416.75,1.0,15.757757,-65.65329
916838.12,1702412.75,1.0,15.733351,-66.327133
918842.12,1702412.75,1.0,15.733492,-66.307939
920846.06,1702412.75,1.0,15.733633,-66.288743
922850.06,1702412.75,1.0,15.733774,-66.269546
924854.0,1702412.75,1.0,15.733916,-66.250347
926858.0,1702412.75,1.0,15.734058,-66.231147
928861.94,1702412.75,1.0,15.7342,-66.211945
930865.94,1702412.75,1.0,15.734343,-66.192741
932869.88,1702412.75,1.0,15.734485,-66.173536
934873.88,1702412.75,1.0,15.734629,-66.154329
936878.31,1702412.75,1.0,15.734772,-66.135116
938882.31,1702412.75,1.0,15.734916,-66.115906
940886.25,1702412.75,1.0,15.73506,-66.096694
942890.25,1702412.75,1.0,15.735205,-66.077481
944894.19,1702412.75,1.0,15.73535,-66.058266
946898.19,1702412.75,1.0,15.735495,-66.039049
956918.56,1702412.75,1.0,15.736226,-65.942937
958922.5,1702412.75,1.0,15.736373,-65.923711
960926.44,1702412.75,1.0,15.73652,-65.904483
962930.44,1702412.75,1.0,15.736668,-65.885253
964934.38,1702412.75,1.0,15.736816,-65.866022
966938.38,1702412.75,1.0,15.736964,-65.846788
968942.31,1702412.75,1.0,15.737113,-65.827554
916838.12,1700408.88,1.0,15.714071,-66.328121
918842.12,1700408.88,1.0,15.714212,-66.308929
920846.06,1700408.88,1.0,15.714352,-66.289736
922850.06,1700408.88,1.0,15.714493,-66.270541
924854.0,1700408.88,1.0,15.714635,-66.251345
926858.0,1700408.88,1.0,15.714777,-66.232146
928861.94,1700408.88,1.0,15.714919,-66.212947
930865.94,1700408.88,1.0,15.715061,-66.193745
932869.88,1700408.88,1.0,15.715204,-66.174542
934873.88,1700408.88,1.0,15.715347,-66.155338
936878.31,1700408.88,1.0,15.71549,-66.136127
938882.31,1700408.88,1.0,15.715634,-66.116919
940886.25,1700408.88,1.0,15.715778,-66.09771
942890.25,1700408.88,1.0,15.715922,-66.078498
944894.19,1700408.88,1.0,15.716067,-66.059286
946898.19,1700408.88,1.0,15.716212,-66.040071
948902.12,1700408.88,1.0,15.716357,-66.020856
956918.56,1700408.88,1.0,15.716941,-65.94397
958922.5,1700408.88,1.0,15.717088,-65.924746
960926.44,1700408.88,1.0,15.717235,-65.905521
962930.44,1700408.88,1.0,15.717383,-65.886293
964934.38,1700408.88,1.0,15.717531,-65.867064
966938.38,1700408.88,1.0,15.717679,-65.847833
968942.31,1700408.88,1.0,15.717827,-65.828601
972950.25,1700408.88,1.0,15.718125,-65.79013
974954.25,1700408.88,1.0,15.718275,-65.770893
918842.12,1698404.88,1.0,15.694933,-66.309918
920846.06,1698404.88,1.0,15.695074,-66.290727
922850.06,1698404.88,1.0,15.695214,-66.271534
924854.0,1698404.88,1.0,15.695356,-66.25234
926858.0,1698404.88,1.0,15.695497,-66.233144
928861.94,1698404.88,1.0,15.695639,-66.213947
930865.94,1698404.88,1.0,15.695781,-66.194748
932869.88,1698404.88,1.0,15.695924,-66.175547
934873.88,1698404.88,1.0,15.696067,-66.156345
936878.31,1698404.88,1.0,15.69621,-66.137136
938882.31,1698404.88,1.0,15.696353,-66.11793
940886.25,1698404.88,1.0,15.696497,-66.098724
942890.25,1698404.88,1.0,15.696641,-66.079515
944894.19,1698404.88,1.0,15.696786,-66.060304
946898.19,1698404.88,1.0,15.69693,-66.041092
948902.12,1698404.88,1.0,15.697075,-66.021879
958922.5,1698404.88,1.0,15.697805,-65.92578
960926.44,1698404.88,1.0,15.697952,-65.906557
962930.44,1698404.88,1.0,15.6981,-65.887332
964934.38,1698404.88,1.0,15.698247,-65.868105
966938.38,1698404.88,1.0,15.698395,-65.848876
968942.31,1698404.88,1.0,15.698544,-65.829646
970946.31,1698404.88,1.0,15.698692,-65.810414
972950.25,1698404.88,1.0,15.698841,-65.79118
974954.25,1698404.88,1.0,15.69899,-65.771945
976958.75,1698404.88,1.0,15.69914,-65.752703
978962.69,1698404.88,1.0,15.69929,-65.733464
920846.06,1696400.88,1.0,15.675798,-66.291717
922850.06,1696400.88,1.0,15.675938,-66.272527
924854.0,1696400.88,1.0,15.676079,-66.253335
926858.0,1696400.88,1.0,15.676221,-66.234141
928861.94,1696400.88,1.0,15.676362,-66.214946
930865.94,1696400.88,1.0,15.676504,-66.195749
932869.88,1696400.88,1.0,15.676647,-66.176551
934873.88,1696400.88,1.0,15.676789,-66.15735
936878.31,1696400.88,1.0,15.676932,-66.138144
940886.25,1696400.88,1.0,15.677219,-66.099736
942890.25,1696400.88,1.0,15.677363,-66.080529
944894.19,1696400.88,1.0,15.677507,-66.061321
946898.19,1696400.88,1.0,15.677652,-66.042111
948902.12,1696400.88,1.0,15.677797,-66.0229
950906.12,1696400.88,1.0,15.677942,-66.003687
958922.5,1696400.88,1.0,15.678526,-65.926813
960926.44,1696400.88,1.0,15.678672,-65.907592
962930.44,1696400.88,1.0,15.678819,-65.888369
964934.38,1696400.88,1.0,15.678967,-65.869144
966938.38,1696400.88,1.0,15.679115,-65.849918
968942.31,1696400.88,1.0,15.679263,-65.83069
970946.31,1696400.88,1.0,15.679411,-65.81146
972950.25,1696400.88,1.0,15.67956,-65.792229
974954.25,1696400.88,1.0,15.679709,-65.772995
976958.75,1696400.88,1.0,15.679858,-65.753756
978962.69,1696400.88,1.0,15.680008,-65.734519
928861.94,1694396.62,1.0,15.657086,-66.215943
936878.31,1694396.62,1.0,15.657655,-66.139151
938882.31,1694396.62,1.0,15.657798,-66.119949
940886.25,1694396.62,1.0,15.657941,-66.100747
942890.25,1694396.62,1.0,15.658085,-66.081542
944894.19,1694396.62,1.0,15.658229,-66.062337
946898.19,1694396.62,1.0,15.658373,-66.043129
948902.12,1694396.62,1.0,15.658518,-66.02392
950906.12,1694396.62,1.0,15.658663,-66.004709
952910.06,1694396.62,1.0,15.658808,-65.985497
954914.06,1694396.62,1.0,15.658954,-65.966282
956918.56,1694396.62,1.0,15.6591,-65.947061
958922.5,1694396.62,1.0,15.659246,-65.927844
960926.44,1694396.62,1.0,15.659393,-65.908625
962930.44,1694396.62,1.0,15.65954,-65.889404
964934.38,1694396.62,1.0,15.659687,-65.870182
966938.38,1694396.62,1.0,15.659834,-65.850958
968942.31,1694396.62,1.0,15.659982,-65.831732
970946.31,1694396.62,1.0,15.66013,-65.812505
972950.25,1694396.62,1.0,15.660279,-65.793276
974954.25,1694396.62,1.0,15.660428,-65.774045
976958.75,1694396.62,1.0,15.660577,-65.754807
978962.69,1694396.62,1.0,15.660726,-65.735573
936878.31,1692392.75,1.0,15.638384,-66.140155
938882.31,1692392.75,1.0,15.638527,-66.120956
940886.25,1692392.75,1.0,15.63867,-66.101756
942890.25,1692392.75,1.0,15.638814,-66.082554
944894.19,1692392.75,1.0,15.638958,-66.06335
946898.19,1692392.75,1.0,15.639102,-66.044145
948902.12,1692392.75,1.0,15.639246,-66.024938
950906.12,1692392.75,1.0,15.639391,-66.005729
952910.06,1692392.75,1.0,15.639536,-65.986519
954914.06,1692392.75,1.0,15.639681,-65.967307
958922.5,1692392.75,1.0,15.639973,-65.928873
960926.44,1692392.75,1.0,15.64012,-65.909657
962930.44,1692392.75,1.0,15.640266,-65.890438
964934.38,1692392.75,1.0,15.640413,-65.871218
966938.38,1692392.75,1.0,15.640561,-65.851996
968942.31,1692392.75,1.0,15.640708,-65.832773
970946.31,1692392.75,1.0,15.640856,-65.813547
972950.25,1692392.75,1.0,15.641004,-65.794321
974954.25,1692392.75,1.0,15.641153,-65.775092
976958.75,1692392.75,1.0,15.641302,-65.755857
978962.69,1692392.75,1.0,15.641451,-65.736625
912829.69,1690388.75,1.0,15.617428,-66.371402
914834.19,1690388.75,1.0,15.617567,-66.352219
936878.31,1690388.75,1.0,15.619115,-66.141158
938882.31,1690388.75,1.0,15.619258,-66.121961
940886.25,1690388.75,1.0,15.619401,-66.102764
942890.25,1690388.75,1.0,15.619544,-66.083563
944894.19,1690388.75,1.0,15.619688,-66.064362
946898.19,1690388.75,1.0,15.619832,-66.045159
948902.12,1690388.75,1.0,15.619976,-66.025955
950906.12,1690388.75,1.0,15.620121,-66.006748
952910.06,1690388.75,1.0,15.620265,-65.98754
960926.44,1690388.75,1.0,15.620848,-65.910687
962930.44,1690388.75,1.0,15.620995,-65.89147
964934.38,1690388.75,1.0,15.621141,-65.872253
966938.38,1690388.75,1.0,15.621288,-65.853033
968942.31,1690388.75,1.0,15.621436,-65.833812
970946.31,1690388.75,1.0,15.621584,-65.814589
972950.25,1690388.75,1.0,15.621732,-65.795364
974954.25,1690388.75,1.0,15.62188,-65.776138
976958.75,1690388.75,1.0,15.622029,-65.756905
978962.69,1690388.75,1.0,15.622178,-65.737675
980966.69,1690388.75,1.0,15.622327,-65.718444
912829.69,1688384.75,1.0,15.598165,-66.372377
914834.19,1688384.75,1.0,15.598303,-66.353196
916838.12,1688384.75,1.0,15.598442,-66.33402
934873.88,1688384.75,1.0,15.599707,-66.161357
936878.31,1688384.75,1.0,15.599849,-66.14216
938882.31,1688384.75,1.0,15.599992,-66.122965
940886.25,1688384.75,1.0,15.600134,-66.10377
948902.12,1688384.75,1.0,15.600709,-66.02697
950906.12,1688384.75,1.0,15.600853,-66.007765
952910.06,1688384.75,1.0,15.600998,-65.98856
954914.06,1688384.75,1.0,15.601143,-65.969352
958922.5,1688384.75,1.0,15.601433,-65.930928
960926.44,1688384.75,1.0,15.601579,-65.911715
964934.38,1688384.75,1.0,15.601872,-65.873286
966938.38,1688384.75,1.0,15.602019,-65.854068
968942.31,1688384.75,1.0,15.602166,-65.834849
970946.31,1688384.75,1.0,15.602314,-65.815628
972950.25,1688384.75,1.0,15.602462,-65.796406
974954.25,1688384.75,1.0,15.60261,-65.777182
976958.75,1688384.75,1.0,15.602758,-65.757951
978962.69,1688384.75,1.0,15.602907,-65.738724
980966.69,1688384.75,1.0,15.603056,-65.719494
912829.69,1686380.75,1.0,15.578904,-66.37335
914834.19,1686380.75,1.0,15.579042,-66.354172
916838.12,1686380.75,1.0,15.579181,-66.334998
918842.12,1686380.75,1.0,15.57932,-66.315821
920846.06,1686380.75,1.0,15.579459,-66.296644
922850.06,1686380.75,1.0,15.579599,-66.277464
924854.0,1686380.75,1.0,15.579739,-66.258284
926858.0,1686380.75,1.0,15.57988,-66.239101
928861.94,1686380.75,1.0,15.58002,-66.219917
930865.94,1686380.75,1.0,15.580161,-66.200731
932869.88,1686380.75,1.0,15.580302,-66.181544
934873.88,1686380.75,1.0,15.580444,-66.162355
936878.31,1686380.75,1.0,15.580586,-66.14316
938882.31,1686380.75,1.0,15.580728,-66.123968
950906.12,1686380.75,1.0,15.581588,-66.008781
952910.06,1686380.75,1.0,15.581733,-65.989578
954914.06,1686380.75,1.0,15.581877,-65.970372
956918.56,1686380.75,1.0,15.582022,-65.95116
958922.5,1686380.75,1.0,15.582168,-65.931952
960926.44,1686380.75,1.0,15.582314,-65.912742
962930.44,1686380.75,1.0,15.58246,-65.89353
964934.38,1686380.75,1.0,15.582606,-65.874317
966938.38,1686380.75,1.0,15.582753,-65.855102
968942.31,1686380.75,1.0,15.5829,-65.835885
970946.31,1686380.75,1.0,15.583047,-65.816666
972950.25,1686380.75,1.0,15.583195,-65.797447
974954.25,1686380.75,1.0,15.583342,-65.778225
976958.75,1686380.75,1.0,15.583491,-65.758996
978962.69,1686380.75,1.0,15.583639,-65.739771
980966.69,1686380.75,1.0,15.583788,-65.720544
1029062.94,1686380.75,1.0,15.587458,-65.25857
1031066.88,1686380.75,1.0,15.587615,-65.2393
1035074.81,1686380.75,1.0,15.58793,-65.200753
1037078.75,1686380.75,1.0,15.588088,-65.181477
1039083.25,1686380.75,1.0,15.588246,-65.162195
1041087.25,1686380.75,1.0,15.588404,-65.142915
1163331.88,1686380.75,1.0,15.598688,-63.96325
914834.19,1684376.88,1.0,15.559785,-66.355146
916838.12,1684376.88,1.0,15.559924,-66.335974
918842.12,1684376.88,1.0,15.560063,-66.3168
920846.06,1684376.88,1.0,15.560202,-66.297624
922850.06,1684376.88,1.0,15.560341,-66.278447
924854.0,1684376.88,1.0,15.560481,-66.259269
926858.0,1684376.88,1.0,15.560621,-66.240088
928861.94,1684376.88,1.0,15.560762,-66.220907
930865.94,1684376.88,1.0,15.560902,-66.201723
932869.88,1684376.88,1.0,15.561043,-66.182538
934873.88,1684376.88,1.0,15.561185,-66.163351
952910.06,1684376.88,1.0,15.562472,-65.990594
960926.44,1684376.88,1.0,15.563052,-65.913768
962930.44,1684376.88,1.0,15.563198,-65.894558
964934.38,1684376.88,1.0,15.563344,-65.875347
966938.38,1684376.88,1.0,15.56349,-65.856134
968942.31,1684376.88,1.0,15.563637,-65.836919
970946.31,1684376.88,1.0,15.563784,-65.817703
972950.25,1684376.88,1.0,15.563931,-65.798485
974954.25,1684376.88,1.0,15.564079,-65.779265
976958.75,1684376.88,1.0,15.564227,-65.760039
978962.69,1684376.88,1.0,15.564376,-65.740816
980966.69,1684376.88,1.0,15.564524,-65.721591
1029062.94,1684376.88,1.0,15.568189,-65.259671
1031066.88,1684376.88,1.0,15.568345,-65.240403
1033070.81,1684376.88,1.0,15.568502,-65.221134
1035074.81,1684376.88,1.0,15.56866,-65.201861
1037078.75,1684376.88,1.0,15.568817,-65.182588
1039083.25,1684376.88,1.0,15.568975,-65.163307
1041087.25,1684376.88,1.0,15.569134,-65.14403
1161327.88,1684376.88,1.0,15.579224,-63.9839
1163331.88,1684376.88,1.0,15.579402,-63.964504
916838.12,1682372.62,1.0,15.540666,-66.336949
918842.12,1682372.62,1.0,15.540804,-66.317777
920846.06,1682372.62,1.0,15.540943,-66.298604
922850.06,1682372.62,1.0,15.541083,-66.279429
924854.0,1682372.62,1.0,15.541222,-66.260253
926858.0,1682372.62,1.0,15.541362,-66.241074
928861.94,1682372.62,1.0,15.541502,-66.221895
930865.94,1682372.62,1.0,15.541643,-66.202713
952910.06,1682372.62,1.0,15.54321,-65.991609
954914.06,1682372.62,1.0,15.543354,-65.972408
962930.44,1682372.62,1.0,15.543935,-65.895584
964934.38,1682372.62,1.0,15.544081,-65.876375
966938.38,1682372.62,1.0,15.544227,-65.857164
968942.31,1682372.62,1.0,15.544374,-65.837952
970946.31,1682372.62,1.0,15.54452,-65.818738
972950.25,1682372.62,1.0,15.544668,-65.799523
974954.25,1682372.62,1.0,15.544815,-65.780305
976958.75,1682372.62,1.0,15.544963,-65.761081
978962.69,1682372.62,1.0,15.545111,-65.74186
980966.69,1682372.62,1.0,15.54526,-65.722638
1027058.94,1682372.62,1.0,15.548763,-65.280036
1029062.94,1682372.62,1.0,15.548919,-65.260772
1031066.88,1682372.62,1.0,15.549075,-65.241506
1033070.81,1682372.62,1.0,15.549232,-65.222238
1035074.81,1682372.62,1.0,15.549389,-65.202968
1039083.25,1682372.62,1.0,15.549704,-65.164419
1161327.88,1682372.62,1.0,15.559938,-63.98515
916838.12,1680368.62,1.0,15.521413,-66.337922
918842.12,1680368.62,1.0,15.521551,-66.318752
920846.06,1680368.62,1.0,15.52169,-66.299582
922850.06,1680368.62,1.0,15.521829,-66.280409
924854.0,1680368.62,1.0,15.521969,-66.261235
926858.0,1680368.62,1.0,15.522108,-66.242059
928861.94,1680368.62,1.0,15.522248,-66.222882
930865.94,1680368.62,1.0,15.522389,-66.203702
952910.06,1680368.62,1.0,15.523953,-65.992622
954914.06,1680368.62,1.0,15.524098,-65.973423
956918.56,1680368.62,1.0,15.524242,-65.954218
960926.44,1680368.62,1.0,15.524532,-65.915814
962930.44,1680368.62,1.0,15.524677,-65.896608
964934.38,1680368.62,1.0,15.524823,-65.877402
966938.38,1680368.62,1.0,15.524969,-65.858193
968942.31,1680368.62,1.0,15.525115,-65.838983
970946.31,1680368.62,1.0,15.525262,-65.819771
972950.25,1680368.62,1.0,15.525409,-65.800558
974954.25,1680368.62,1.0,15.525556,-65.781343
976958.75,1680368.62,1.0,15.525704,-65.762121
978962.69,1680368.62,1.0,15.525852,-65.742903
980966.69,1680368.62,1.0,15.526,-65.723682
982970.62,1680368.62,1.0,15.526149,-65.704461
1025055.0,1680368.62,1.0,15.529342,-65.300392
1027058.94,1680368.62,1.0,15.529498,-65.281132
1029062.94,1680368.62,1.0,15.529654,-65.26187
1031066.88,1680368.62,1.0,15.52981,-65.242606
1033070.81,1680368.62,1.0,15.529967,-65.223341
1049103.12,1680368.62,1.0,15.531231,-65.069146
1067139.38,1680368.62,1.0,15.532677,-64.895537
1159323.88,1680368.62,1.0,15.54048,-64.005788
1161327.88,1680368.62,1.0,15.540657,-63.986399
916838.12,1678364.62,1.0,15.502163,-66.338894
918842.12,1678364.62,1.0,15.502301,-66.319726
920846.06,1678364.62,1.0,15.50244,-66.300558
922850.06,1678364.62,1.0,15.502579,-66.281387
924854.0,1678364.62,1.0,15.502718,-66.262215
926858.0,1678364.62,1.0,15.502857,-66.243041
928861.94,1678364.62,1.0,15.502997,-66.223867
930865.94,1678364.62,1.0,15.503137,-66.20469
950906.12,1678364.62,1.0,15.504556,-66.012828
952910.06,1678364.62,1.0,15.5047,-65.993634
954914.06,1678364.62,1.0,15.504844,-65.974437
956918.56,1678364.62,1.0,15.504988,-65.955234
958922.5,1678364.62,1.0,15.505132,-65.936035
960926.44,1678364.62,1.0,15.505277,-65.916834
962930.44,1678364.62,1.0,15.505423,-65.897631
964934.38,1678364.62,1.0,15.505568,-65.878427
966938.38,1678364.62,1.0,15.505714,-65.85922
968942.31,1678364.62,1.0,15.50586,-65.840013
970946.31,1678364.62,1.0,15.506006,-65.820803
972950.25,1678364.62,1.0,15.506153,-65.801592
974954.25,1678364.62,1.0,15.5063,-65.782379
976958.75,1678364.62,1.0,15.506448,-65.763159
978962.69,1678364.62,1.0,15.506595,-65.743943
980966.69,1678364.62,1.0,15.506744,-65.724725
982970.62,1678364.62,1.0,15.506892,-65.705506
1021047.06,1678364.62,1.0,15.509771,-65.339995
1023051.0,1678364.62,1.0,15.509926,-65.320741
1025055.0,1678364.62,1.0,15.510081,-65.301484
1027058.94,1678364.62,1.0,15.510236,-65.282226
1029062.94,1678364.62,1.0,15.510392,-65.262966
1031066.88,1678364.62,1.0,15.510548,-65.243705
1049103.12,1678364.62,1.0,15.511967,-65.070265
1067139.38,1678364.62,1.0,15.513411,-64.896676
1069143.25,1678364.62,1.0,15.513573,-64.877381
1071147.25,1678364.62,1.0,15.513736,-64.858083
1073151.25,1678364.62,1.0,15.513898,-64.838782
1159323.88,1678364.62,1.0,15.521202,-64.007032
914834.19,1676360.75,1.0,15.482779,-66.359027
916838.12,1676360.75,1.0,15.482917,-66.339864
918842.12,1676360.75,1.0,15.483055,-66.320699
920846.06,1676360.75,1.0,15.483193,-66.301532
922850.06,1676360.75,1.0,15.483332,-66.282364
924854.0,1676360.75,1.0,15.483471,-66.263194
926858.0,1676360.75,1.0,15.48361,-66.244023
928861.94,1676360.75,1.0,15.48375,-66.22485
930865.94,1676360.75,1.0,15.48389,-66.205675
948902.12,1676360.75,1.0,15.485164,-66.033027
950906.12,1676360.75,1.0,15.485307,-66.013836
952910.06,1676360.75,1.0,15.48545,-65.994644
954914.06,1676360.75,1.0,15.485594,-65.97545
956918.56,1676360.75,1.0,15.485738,-65.956249
958922.5,1676360.75,1.0,15.485882,-65.937052
960926.44,1676360.75,1.0,15.486027,-65.917853
962930.44,1676360.75,1.0,15.486172,-65.898652
964934.38,1676360.75,1.0,15.486317,-65.87945
966938.38,1676360.75,1.0,15.486463,-65.860246
968942.31,1676360.75,1.0,15.486609,-65.841041
970946.31,1676360.75,1.0,15.486755,-65.821833
972950.25,1676360.75,1.0,15.486901,-65.802624
974954.25,1676360.75,1.0,15.487048,-65.783413
976958.75,1676360.75,1.0,15.487196,-65.764196
978962.69,1676360.75,1.0,15.487343,-65.744982
980966.69,1676360.75,1.0,15.487491,-65.725766
982970.62,1676360.75,1.0,15.487639,-65.706549
1019043.06,1676360.75,1.0,15.49036,-65.360331
1021047.06,1676360.75,1.0,15.490514,-65.341081
1023051.0,1676360.75,1.0,15.490669,-65.321829
1025055.0,1676360.75,1.0,15.490824,-65.302574
1027058.94,1676360.75,1.0,15.490979,-65.283319
1029062.94,1676360.75,1.0,15.491134,-65.264061
1069143.25,1676360.75,1.0,15.494311,-64.878521
1071147.25,1676360.75,1.0,15.494473,-64.859225
1073151.25,1676360.75,1.0,15.494635,-64.839927
1075155.25,1676360.75,1.0,15.494798,-64.820627
1159323.88,1676360.75,1.0,15.501929,-64.008274
914834.19,1674356.75,1.0,15.463535,-66.359994
916838.12,1674356.75,1.0,15.463673,-66.340833
918842.12,1674356.75,1.0,15.463811,-66.32167
920846.06,1674356.75,1.0,15.463949,-66.302506
922850.06,1674356.75,1.0,15.464087,-66.283339
924854.0,1674356.75,1.0,15.464226,-66.264172
926858.0,1674356.75,1.0,15.464365,-66.245003
928861.94,1674356.75,1.0,15.464504,-66.225832
930865.94,1674356.75,1.0,15.464644,-66.206659
932869.88,1674356.75,1.0,15.464784,-66.187486
948902.12,1674356.75,1.0,15.465916,-66.034031
950906.12,1674356.75,1.0,15.466059,-66.014842
952910.06,1674356.75,1.0,15.466202,-65.995653
954914.06,1674356.75,1.0,15.466345,-65.97646
956918.56,1674356.75,1.0,15.466489,-65.957262
958922.5,1674356.75,1.0,15.466633,-65.938067
960926.44,1674356.75,1.0,15.466778,-65.918871
962930.44,1674356.75,1.0,15.466923,-65.899672
964934.38,1674356.75,1.0,15.467068,-65.880472
966938.38,1674356.75,1.0,15.467213,-65.86127
968942.31,1674356.75,1.0,15.467359,-65.842067
970946.31,1674356.75,1.0,15.467505,-65.822862
972950.25,1674356.75,1.0,15.467651,-65.803655
974954.25,1674356.75,1.0,15.467798,-65.784446
976958.75,1674356.75,1.0,15.467945,-65.765231
978962.69,1674356.75,1.0,15.468092,-65.74602
980966.69,1674356.75,1.0,15.46824,-65.726806
1017038.56,1674356.75,1.0,15.470951,-65.380665
1019043.06,1674356.75,1.0,15.471105,-65.361413
1021047.06,1674356.75,1.0,15.471259,-65.342165
1023051.0,1674356.75,1.0,15.471413,-65.322915
1025055.0,1674356.75,1.0,15.471568,-65.303663
1027058.94,1674356.75,1.0,15.471723,-65.28441
1029062.94,1674356.75,1.0,15.471878,-65.265154
1031066.88,1674356.75,1.0,15.472033,-65.245898
1073151.25,1674356.75,1.0,15.475374,-64.841069
1075155.25,1674356.75,1.0,15.475536,-64.821771
1077159.12,1674356.75,1.0,15.475699,-64.802473
1121247.5,1674356.75,1.0,15.479365,-64.377395
1161327.88,1674356.75,1.0,15.482833,-63.990132
1163331.88,1674356.75,1.0,15.48301,-63.970748
914834.19,1672352.5,1.0,15.444291,-66.360959
916838.12,1672352.5,1.0,15.444429,-66.3418
918842.12,1672352.5,1.0,15.444566,-66.322639
920846.06,1672352.5,1.0,15.444704,-66.303477
922850.06,1672352.5,1.0,15.444843,-66.284313
924854.0,1672352.5,1.0,15.444981,-66.265148
926858.0,1672352.5,1.0,15.44512,-66.245981
928861.94,1672352.5,1.0,15.445259,-66.226813
930865.94,1672352.5,1.0,15.445399,-66.207642
932869.88,1672352.5,1.0,15.445539,-66.188471
948902.12,1672352.5,1.0,15.446669,-66.035034
950906.12,1672352.5,1.0,15.446811,-66.015847
952910.06,1672352.5,1.0,15.446954,-65.99666
956918.56,1672352.5,1.0,15.447241,-65.958273
958922.5,1672352.5,1.0,15.447385,-65.939081
960926.44,1672352.5,1.0,15.447529,-65.919887
962930.44,1672352.5,1.0,15.447674,-65.90069
964934.38,1672352.5,1.0,15.447819,-65.881493
966938.38,1672352.5,1.0,15.447964,-65.862293
968942.31,1672352.5,1.0,15.44811,-65.843092
970946.31,1672352.5,1.0,15.448255,-65.823889
972950.25,1672352.5,1.0,15.448402,-65.804684
974954.25,1672352.5,1.0,15.448548,-65.785478
976958.75,1672352.5,1.0,15.448695,-65.766265
1017038.56,1672352.5,1.0,15.451697,-65.381743
1019043.06,1672352.5,1.0,15.45185,-65.362494
1021047.06,1672352.5,1.0,15.452004,-65.343248
1023051.0,1672352.5,1.0,15.452158,-65.324
1029062.94,1672352.5,1.0,15.452622,-65.266246
1031066.88,1672352.5,1.0,15.452777,-65.246992
1033070.81,1672352.5,1.0,15.452933,-65.227735
1073151.25,1672352.5,1.0,15.456113,-64.84221
1075155.25,1672352.5,1.0,15.456275,-64.822915
1077159.12,1672352.5,1.0,15.456438,-64.803619
1079163.12,1672352.5,1.0,15.456601,-64.784319
1081167.62,1672352.5,1.0,15.456764,-64.765013
1121247.5,1672352.5,1.0,15.460098,-64.37859
1159323.88,1672352.5,1.0,15.463385,-64.010753
1161327.88,1672352.5,1.0,15.463561,-63.991373
1163331.88,1672352.5,1.0,15.463738,-63.971991
1165336.38,1672352.5,1.0,15.463915,-63.952602
922850.06,1670348.5,1.0,15.425603,-66.285286
924854.0,1670348.5,1.0,15.425742,-66.266123
926858.0,1670348.5,1.0,15.42588,-66.246958
928861.94,1670348.5,1.0,15.426019,-66.227792
930865.94,1670348.5,1.0,15.426159,-66.208623
952910.06,1670348.5,1.0,15.427712,-65.997665
954914.06,1670348.5,1.0,15.427855,-65.978477
956918.56,1670348.5,1.0,15.427998,-65.959283
960926.44,1670348.5,1.0,15.428286,-65.920901
962930.44,1670348.5,1.0,15.428431,-65.901707
964934.38,1670348.5,1.0,15.428575,-65.882511
966938.38,1670348.5,1.0,15.42872,-65.863314
968942.31,1670348.5,1.0,15.428865,-65.844115
970946.31,1670348.5,1.0,15.429011,-65.824914
972950.25,1670348.5,1.0,15.429157,-65.805712
974954.25,1670348.5,1.0,15.429303,-65.786508
1019043.06,1670348.5,1.0,15.4326,-65.363572
1021047.06,1670348.5,1.0,15.432754,-65.344328
1023051.0,1670348.5,1.0,15.432908,-65.325083
1031066.88,1670348.5,1.0,15.433526,-65.248084
1033070.81,1670348.5,1.0,15.433682,-65.228829
1035074.81,1670348.5,1.0,15.433837,-65.209573
1075155.25,1670348.5,1.0,15.437019,-64.824056
1077159.12,1670348.5,1.0,15.437182,-64.804762
1079163.12,1670348.5,1.0,15.437344,-64.785465
1081167.62,1670348.5,1.0,15.437507,-64.766162
1121247.5,1670348.5,1.0,15.440836,-64.379783
1123252.0,1670348.5,1.0,15.441006,-64.360439
924854.0,1668344.62,1.0,15.406506,-66.267096
926858.0,1668344.62,1.0,15.406645,-66.247933
928861.94,1668344.62,1.0,15.406783,-66.228769
930865.94,1668344.62,1.0,15.406922,-66.209603
932869.88,1668344.62,1.0,15.407062,-66.190436
934873.88,1668344.62,1.0,15.407202,-66.171267
936878.31,1668344.62,1.0,15.407342,-66.152092
954914.06,1668344.62,1.0,15.408616,-65.979483
956918.56,1668344.62,1.0,15.40876,-65.960292
958922.5,1668344.62,1.0,15.408903,-65.941103
960926.44,1668344.62,1.0,15.409047,-65.921914
962930.44,1668344.62,1.0,15.409191,-65.902721
964934.38,1668344.62,1.0,15.409336,-65.883528
966938.38,1668344.62,1.0,15.40948,-65.864333
968942.31,1668344.62,1.0,15.409625,-65.845136
970946.31,1668344.62,1.0,15.409771,-65.825938
972950.25,1668344.62,1.0,15.409916,-65.806738
974954.25,1668344.62,1.0,15.410062,-65.787536
1019043.06,1668344.62,1.0,15.413355,-65.364649
1021047.06,1668344.62,1.0,15.413508,-65.345408
1023051.0,1668344.62,1.0,15.413662,-65.326165
1025055.0,1668344.62,1.0,15.413816,-65.306919
1031066.88,1668344.62,1.0,15.414279,-65.249174
1033070.81,1668344.62,1.0,15.414435,-65.229922
1077159.12,1668344.62,1.0,15.417929,-64.805904
1079163.12,1668344.62,1.0,15.418092,-64.786609
1081167.62,1668344.62,1.0,15.418255,-64.767308
1121247.5,1668344.62,1.0,15.421579,-64.380974
1123252.0,1668344.62,1.0,15.421749,-64.361633
928861.94,1666340.62,1.0,15.387549,-66.229745
930865.94,1666340.62,1.0,15.387688,-66.210581
932869.88,1666340.62,1.0,15.387827,-66.191416
934873.88,1666340.62,1.0,15.387967,-66.172249
936878.31,1666340.62,1.0,15.388107,-66.153077
938882.31,1666340.62,1.0,15.388247,-66.133906
956918.56,1666340.62,1.0,15.389522,-65.961298
958922.5,1666340.62,1.0,15.389666,-65.942112
960926.44,1666340.62,1.0,15.389809,-65.922925
962930.44,1666340.62,1.0,15.389953,-65.903735
964934.38,1666340.62,1.0,15.390097,-65.884544
966938.38,1666340.62,1.0,15.390242,-65.865351
968942.31,1666340.62,1.0,15.390387,-65.846156
970946.31,1666340.62,1.0,15.390532,-65.82696
972950.25,1666340.62,1.0,15.390678,-65.807762
1019043.06,1666340.62,1.0,15.394111,-65.365725
1021047.06,1666340.62,1.0,15.394264,-65.346485
1023051.0,1666340.62,1.0,15.394417,-65.327244
1079163.12,1666340.62,1.0,15.398841,-64.787752
1081167.62,1666340.62,1.0,15.399004,-64.768452
1083171.62,1666340.62,1.0,15.399167,-64.749156
930865.94,1664336.62,1.0,15.368456,-66.211558
932869.88,1664336.62,1.0,15.368595,-66.192395
934873.88,1664336.62,1.0,15.368735,-66.17323
936878.31,1664336.62,1.0,15.368874,-66.15406
938882.31,1664336.62,1.0,15.369014,-66.134892
940886.25,1664336.62,1.0,15.369154,-66.115723
958922.5,1664336.62,1.0,15.370431,-65.94312
960926.44,1664336.62,1.0,15.370574,-65.923934
962930.44,1664336.62,1.0,15.370718,-65.904747
964934.38,1664336.62,1.0,15.370862,-65.885558
966938.38,1664336.62,1.0,15.371006,-65.866367
968942.31,1664336.62,1.0,15.371151,-65.847175
970946.31,1664336.62,1.0,15.371296,-65.82798
972950.25,1664336.62,1.0,15.371441,-65.808785
1079163.12,1664336.62,1.0,15.379593,-64.788892
1081167.62,1664336.62,1.0,15.379755,-64.769595
1083171.62,1664336.62,1.0,15.379918,-64.750301
780564.75,1662332.38,1.0,15.339695,-67.645338
782568.69,1662332.38,1.0,15.33981,-67.626287
784572.94,1662332.38,1.0,15.339926,-67.607232
786576.88,1662332.38,1.0,15.340043,-67.588178
930865.94,1662332.38,1.0,15.349225,-66.212533
932869.88,1662332.38,1.0,15.349364,-66.193373
934873.88,1662332.38,1.0,15.349503,-66.17421
936878.31,1662332.38,1.0,15.349642,-66.155042
938882.31,1662332.38,1.0,15.349782,-66.135876
940886.25,1662332.38,1.0,15.349922,-66.116709
958922.5,1662332.38,1.0,15.351197,-65.944126
960926.44,1662332.38,1.0,15.35134,-65.924942
962930.44,1662332.38,1.0,15.351483,-65.905757
964934.38,1662332.38,1.0,15.351627,-65.88657
966938.38,1662332.38,1.0,15.351771,-65.867382
968942.31,1662332.38,1.0,15.351916,-65.848192
970946.31,1662332.38,1.0,15.352061,-65.829
972950.25,1662332.38,1.0,15.352206,-65.809806
1079163.12,1662332.38,1.0,15.360345,-64.790031
1081167.62,1662332.38,1.0,15.360507,-64.770736
1083171.62,1662332.38,1.0,15.36067,-64.751444
1085175.5,1662332.38,1.0,15.360833,-64.732152
782568.69,1660328.5,1.0,15.320599,-67.627101
784572.94,1660328.5,1.0,15.320715,-67.608048
786576.88,1660328.5,1.0,15.320831,-67.588996
788580.88,1660328.5,1.0,15.320948,-67.569942
928861.94,1660328.5,1.0,15.329861,-66.232664
930865.94,1660328.5,1.0,15.33,-66.213507
932869.88,1660328.5,1.0,15.330138,-66.194348
940886.25,1660328.5,1.0,15.330696,-66.117693
958922.5,1660328.5,1.0,15.331969,-65.94513
962930.44,1660328.5,1.0,15.332255,-65.906766
964934.38,1660328.5,1.0,15.332399,-65.887581
966938.38,1660328.5,1.0,15.332543,-65.868395
968942.31,1660328.5,1.0,15.332687,-65.849207
970946.31,1660328.5,1.0,15.332831,-65.830017
972950.25,1660328.5,1.0,15.332976,-65.810826
1003010.81,1660328.5,1.0,15.335187,-65.522743
1005014.81,1660328.5,1.0,15.335337,-65.503524
1083171.62,1660328.5,1.0,15.341428,-64.752586
1085175.5,1660328.5,1.0,15.341591,-64.733296
784572.94,1658324.5,1.0,15.301505,-67.608862
786576.88,1658324.5,1.0,15.301621,-67.589812
788580.88,1658324.5,1.0,15.301737,-67.570761
928861.94,1658324.5,1.0,15.310638,-66.233634
968942.31,1658324.5,1.0,15.31346,-65.850221
970946.31,1658324.5,1.0,15.313604,-65.831033
972950.25,1658324.5,1.0,15.313748,-65.811844
996998.38,1658324.5,1.0,15.315509,-65.581438
999002.88,1658324.5,1.0,15.315657,-65.562222
1001006.88,1658324.5,1.0,15.315806,-65.543008
1003010.81,1658324.5,1.0,15.315956,-65.523794
1005014.81,1658324.5,1.0,15.316105,-65.504577
1085175.5,1658324.5,1.0,15.32235,-64.734437
780564.75,1656320.5,1.0,15.282067,-67.647769
946898.19,1656320.5,1.0,15.29267,-66.062166
948902.12,1656320.5,1.0,15.292811,-66.042999
970946.31,1656320.5,1.0,15.294379,-65.832047
972950.25,1656320.5,1.0,15.294523,-65.81286
974954.25,1656320.5,1.0,15.294668,-65.793672
999002.88,1656320.5,1.0,15.29643,-65.563267
1001006.88,1656320.5,1.0,15.296578,-65.544056
1003010.81,1656320.5,1.0,15.296728,-65.524844
778560.75,1654316.5,1.0,15.262749,-67.667618
780564.75,1654316.5,1.0,15.262863,-67.648576
782568.69,1654316.5,1.0,15.262978,-67.629534
784572.94,1654316.5,1.0,15.263094,-67.610487
946898.19,1654316.5,1.0,15.273451,-66.063152
948902.12,1654316.5,1.0,15.273591,-66.043988
950906.12,1654316.5,1.0,15.273732,-66.024821
972950.25,1654316.5,1.0,15.275301,-65.813875
974954.25,1654316.5,1.0,15.275446,-65.794689
976958.75,1654316.5,1.0,15.275591,-65.775495
1013030.62,1654316.5,1.0,15.278251,-65.429814
1015034.62,1654316.5,1.0,15.278402,-65.410593
1017038.56,1654316.5,1.0,15.278553,-65.391371
778560.75,1652312.38,1.0,15.243546,-67.668422
780564.75,1652312.38,1.0,15.243661,-67.649383
782568.69,1652312.38,1.0,15.243776,-67.630342
784572.94,1652312.38,1.0,15.243891,-67.611297
948902.12,1652312.38,1.0,15.254373,-66.044975
950906.12,1652312.38,1.0,15.254513,-66.02581
952910.06,1652312.38,1.0,15.254654,-66.006644
970946.31,1652312.38,1.0,15.255937,-65.834071
972950.25,1652312.38,1.0,15.256081,-65.814889
974954.25,1652312.38,1.0,15.256225,-65.795704
976958.75,1652312.38,1.0,15.25637,-65.776513
978962.69,1652312.38,1.0,15.256514,-65.757326
1009022.69,1652312.38,1.0,15.258726,-65.469303
1011026.69,1652312.38,1.0,15.258876,-65.450088
1013030.62,1652312.38,1.0,15.259026,-65.430871
1015034.62,1652312.38,1.0,15.259177,-65.411653
1017038.56,1652312.38,1.0,15.259328,-65.392433
782568.69,1650308.38,1.0,15.224577,-67.631149
784572.94,1650308.38,1.0,15.224692,-67.612107
948902.12,1650308.38,1.0,15.235159,-66.04596
950906.12,1650308.38,1.0,15.235299,-66.026798
952910.06,1650308.38,1.0,15.23544,-66.007634
970946.31,1650308.38,1.0,15.23672,-65.835081
972950.25,1650308.38,1.0,15.236864,-65.8159
974954.25,1650308.38,1.0,15.237008,-65.796718
976958.75,1650308.38,1.0,15.237152,-65.777529
978962.69,1650308.38,1.0,15.237297,-65.758344
980966.69,1650308.38,1.0,15.237442,-65.739157
1009022.69,1650308.38,1.0,15.239506,-65.470354
1011026.69,1650308.38,1.0,15.239655,-65.451141
1013030.62,1650308.38,1.0,15.239805,-65.431927
1015034.62,1650308.38,1.0,15.239956,-65.41271
1017038.56,1650308.38,1.0,15.240106,-65.393492
1155316.0,1650308.38,1.0,15.251262,-64.062951
782568.69,1648304.38,1.0,15.205381,-67.631955
784572.94,1648304.38,1.0,15.205496,-67.612915
786576.88,1648304.38,1.0,15.205611,-67.593876
788580.88,1648304.38,1.0,15.205726,-67.574835
790584.81,1648304.38,1.0,15.205842,-67.555794
948902.12,1648304.38,1.0,15.215947,-66.046945
950906.12,1648304.38,1.0,15.216087,-66.027784
952910.06,1648304.38,1.0,15.216228,-66.008623
970946.31,1648304.38,1.0,15.217506,-65.836088
972950.25,1648304.38,1.0,15.21765,-65.816911
974954.25,1648304.38,1.0,15.217794,-65.79773
976958.75,1648304.38,1.0,15.217938,-65.778544
978962.69,1648304.38,1.0,15.218083,-65.759361
1013030.62,1648304.38,1.0,15.220587,-65.432981
1015034.62,1648304.38,1.0,15.220737,-65.413766
1017038.56,1648304.38,1.0,15.220888,-65.394551
1143292.12,1648304.38,1.0,15.230998,-64.180211
1153312.0,1648304.38,1.0,15.231855,-64.083509
1155316.0,1648304.38,1.0,15.232027,-64.064162
786576.88,1646300.38,1.0,15.186418,-67.594685
792588.81,1646300.38,1.0,15.186764,-67.537566
794592.75,1646300.38,1.0,15.18688,-67.518524
948902.12,1646300.38,1.0,15.196739,-66.047927
950906.12,1646300.38,1.0,15.196879,-66.028769
952910.06,1646300.38,1.0,15.197019,-66.00961
954914.06,1646300.38,1.0,15.197159,-65.990448
970946.31,1646300.38,1.0,15.198295,-65.837095
972950.25,1646300.38,1.0,15.198439,-65.817919
974954.25,1646300.38,1.0,15.198582,-65.798741
976958.75,1646300.38,1.0,15.198726,-65.779557
978962.69,1646300.38,1.0,15.198871,-65.760376
980966.69,1646300.38,1.0,15.199015,-65.741193
1015034.62,1646300.38,1.0,15.201521,-65.414821
1017038.56,1646300.38,1.0,15.201672,-65.395607
1091187.5,1646300.38,1.0,15.207449,-64.683413
1153312.0,1646300.38,1.0,15.212623,-64.084716
1155316.0,1646300.38,1.0,15.212794,-64.065371
948902.12,1644296.5,1.0,15.177534,-66.048908
950906.12,1644296.5,1.0,15.177674,-66.029752
952910.06,1644296.5,1.0,15.177814,-66.010595
954914.06,1644296.5,1.0,15.177954,-65.991436
956918.56,1644296.5,1.0,15.178095,-65.97227
972950.25,1644296.5,1.0,15.179231,-65.818926
974954.25,1644296.5,1.0,15.179375,-65.79975
976958.75,1644296.5,1.0,15.179519,-65.780568
978962.69,1644296.5,1.0,15.179663,-65.761389
980966.69,1644296.5,1.0,15.179807,-65.742209
1087179.5,1644296.5,1.0,15.187906,-64.723106
1089183.5,1644296.5,1.0,15.188067,-64.703828
1091187.5,1644296.5,1.0,15.188229,-64.684549
1093191.38,1644296.5,1.0,15.188391,-64.665269
1095195.38,1644296.5,1.0,15.188553,-64.645986
1155316.0,1644296.5,1.0,15.193566,-64.066578
1157319.88,1644296.5,1.0,15.193738,-64.047235
950906.12,1642292.25,1.0,15.158468,-66.030734
952910.06,1642292.25,1.0,15.158608,-66.011579
954914.06,1642292.25,1.0,15.158748,-65.992422
956918.56,1642292.25,1.0,15.158888,-65.973258
982970.62,1642292.25,1.0,15.160743,-65.724043
984974.56,1642292.25,1.0,15.160888,-65.704861
986978.56,1642292.25,1.0,15.161033,-65.685678
1011026.69,1642292.25,1.0,15.162798,-65.455338
1013030.62,1642292.25,1.0,15.162947,-65.436132
1083171.62,1642292.25,1.0,15.168364,-64.762779
1085175.5,1642292.25,1.0,15.168525,-64.743509
1087179.5,1642292.25,1.0,15.168685,-64.724236
1089183.5,1642292.25,1.0,15.168846,-64.70496
1091187.5,1642292.25,1.0,15.169008,-64.685683
1093191.38,1642292.25,1.0,15.169169,-64.666405
1095195.38,1642292.25,1.0,15.169331,-64.647124
1157319.88,1642292.25,1.0,15.174509,-64.048443
1159323.88,1642292.25,1.0,15.174681,-64.029099
792588.81,1640288.25,1.0,15.129197,-67.540004
794592.75,1640288.25,1.0,15.129313,-67.520969
796597.0,1640288.25,1.0,15.129429,-67.501929
952910.06,1640288.25,1.0,15.139407,-66.012561
954914.06,1640288.25,1.0,15.139547,-65.993406
956918.56,1640288.25,1.0,15.139687,-65.974245
984974.56,1640288.25,1.0,15.141683,-65.705878
986978.56,1640288.25,1.0,15.141828,-65.686697
1011026.69,1640288.25,1.0,15.143591,-65.456383
1085175.5,1640288.25,1.0,15.149309,-64.744635
1087179.5,1640288.25,1.0,15.149469,-64.725364
1089183.5,1640288.25,1.0,15.14963,-64.706091
1091187.5,1640288.25,1.0,15.149791,-64.686816
1093191.38,1640288.25,1.0,15.149953,-64.66754
1095195.38,1640288.25,1.0,15.150114,-64.648261
1097199.38,1640288.25,1.0,15.150277,-64.628981
1157319.88,1640288.25,1.0,15.155284,-64.049649
1159323.88,1640288.25,1.0,15.155456,-64.030307
788580.88,1638284.25,1.0,15.109784,-67.578878
790584.81,1638284.25,1.0,15.109899,-67.559847
792588.81,1638284.25,1.0,15.110014,-67.540814
796597.0,1638284.25,1.0,15.110245,-67.502743
954914.06,1638284.25,1.0,15.120348,-65.994389
956918.56,1638284.25,1.0,15.120488,-65.97523
958922.5,1638284.25,1.0,15.120629,-65.956074
986978.56,1638284.25,1.0,15.122627,-65.687714
1011026.69,1638284.25,1.0,15.124387,-65.457426
1085175.5,1638284.25,1.0,15.130096,-64.745759
1087179.5,1638284.25,1.0,15.130256,-64.72649
1089183.5,1638284.25,1.0,15.130417,-64.707219
1091187.5,1638284.25,1.0,15.130578,-64.687947
1093191.38,1638284.25,1.0,15.130739,-64.668673
1095195.38,1638284.25,1.0,15.130901,-64.649397
1097199.38,1638284.25,1.0,15.131062,-64.630118
1099203.38,1638284.25,1.0,15.131224,-64.610838
1159323.88,1638284.25,1.0,15.136234,-64.031513
1161327.88,1638284.25,1.0,15.136406,-64.012171
952910.06,1636280.38,1.0,15.101014,-66.014521
954914.06,1636280.38,1.0,15.101154,-65.99537
956918.56,1636280.38,1.0,15.101294,-65.976213
958922.5,1636280.38,1.0,15.101434,-65.95706
986978.56,1636280.38,1.0,15.103429,-65.68873
1087179.5,1636280.38,1.0,15.111047,-64.727615
1089183.5,1636280.38,1.0,15.111208,-64.708346
1091187.5,1636280.38,1.0,15.111368,-64.689076
1097199.38,1636280.38,1.0,15.111852,-64.631254
1099203.38,1636280.38,1.0,15.112014,-64.611976
1101207.25,1636280.38,1.0,15.112176,-64.592697
1103211.75,1636280.38,1.0,15.112339,-64.57341
1145296.12,1636280.38,1.0,15.115824,-64.168033
1161327.88,1636280.38,1.0,15.117188,-64.013377
954914.06,1634276.38,1.0,15.081961,-65.99635
956918.56,1634276.38,1.0,15.082101,-65.977195
958922.5,1634276.38,1.0,15.082241,-65.958044
986978.56,1634276.38,1.0,15.084232,-65.689744
988982.5,1634276.38,1.0,15.084377,-65.670568
1087179.5,1634276.38,1.0,15.09184,-64.728738
1089183.5,1634276.38,1.0,15.092,-64.709471
1091187.5,1634276.38,1.0,15.09216,-64.690203
1093191.38,1634276.38,1.0,15.092321,-64.670934
1095195.38,1634276.38,1.0,15.092482,-64.651662
1097199.38,1634276.38,1.0,15.092643,-64.632388
1099203.38,1634276.38,1.0,15.092805,-64.613112
1101207.25,1634276.38,1.0,15.092967,-64.593835
1103211.75,1634276.38,1.0,15.093129,-64.57455
1161327.88,1634276.38,1.0,15.097971,-64.014582
954914.06,1632272.38,1.0,15.062771,-65.997328
956918.56,1632272.38,1.0,15.06291,-65.978176
958922.5,1632272.38,1.0,15.06305,-65.959027
960926.44,1632272.38,1.0,15.06319,-65.939876
986978.56,1632272.38,1.0,15.065039,-65.690757
988982.5,1632272.38,1.0,15.065183,-65.671583
1087179.5,1632272.38,1.0,15.072635,-64.729859
1089183.5,1632272.38,1.0,15.072795,-64.710595
1091187.5,1632272.38,1.0,15.072955,-64.691329
1093191.38,1632272.38,1.0,15.073116,-64.672062
1095195.38,1632272.38,1.0,15.073276,-64.652792
1097199.38,1632272.38,1.0,15.073437,-64.63352
1099203.38,1632272.38,1.0,15.073599,-64.614246
1139283.75,1632272.38,1.0,15.076892,-64.228359
1141287.62,1632272.38,1.0,15.07706,-64.209045
1143292.12,1632272.38,1.0,15.077229,-64.189724
744492.56,1630268.12,1.0,15.030642,-68.000271
746496.5,1630268.12,1.0,15.03075,-67.981277
954914.06,1630268.12,1.0,15.043581,-65.998305
956918.56,1630268.12,1.0,15.04372,-65.979155
958922.5,1630268.12,1.0,15.04386,-65.960008
960926.44,1630268.12,1.0,15.044,-65.940859
962930.44,1630268.12,1.0,15.04414,-65.921708
986978.56,1630268.12,1.0,15.045846,-65.691768
988982.5,1630268.12,1.0,15.04599,-65.672596
1087179.5,1630268.12,1.0,15.053431,-64.730979
1089183.5,1630268.12,1.0,15.05359,-64.711716
1091187.5,1630268.12,1.0,15.05375,-64.692452
1093191.38,1630268.12,1.0,15.05391,-64.673188
1095195.38,1630268.12,1.0,15.054071,-64.65392
1097199.38,1630268.12,1.0,15.054232,-64.63465
1099203.38,1630268.12,1.0,15.054393,-64.615379
1141287.62,1630268.12,1.0,15.057849,-64.210224
742488.31,1628264.25,1.0,15.011371,-68.020018
744492.56,1628264.25,1.0,15.011478,-68.001024
746496.5,1628264.25,1.0,15.011585,-67.982032
748500.5,1628264.25,1.0,15.011693,-67.963039
788580.88,1628264.25,1.0,15.013911,-67.582889
956918.56,1628264.25,1.0,15.024537,-65.980132
958922.5,1628264.25,1.0,15.024676,-65.960987
960926.44,1628264.25,1.0,15.024816,-65.941841
962930.44,1628264.25,1.0,15.024956,-65.922692
964934.38,1628264.25,1.0,15.025096,-65.903542
966938.38,1628264.25,1.0,15.025236,-65.88439
984974.56,1628264.25,1.0,15.026515,-65.711946
986978.56,1628264.25,1.0,15.026659,-65.692777
1089183.5,1628264.25,1.0,15.034392,-64.712836
1091187.5,1628264.25,1.0,15.034552,-64.693574
1093191.38,1628264.25,1.0,15.034712,-64.674312
1095195.38,1628264.25,1.0,15.034872,-64.655046
746496.5,1626260.25,1.0,14.992422,-67.982787
748500.5,1626260.25,1.0,14.99253,-67.963795
750504.44,1626260.25,1.0,14.992638,-67.944803
752508.44,1626260.25,1.0,14.992746,-67.925809
754512.62,1626260.25,1.0,14.992854,-67.906811
756516.62,1626260.25,1.0,14.992963,-67.887814
784572.94,1626260.25,1.0,14.994518,-67.621721
786576.88,1626260.25,1.0,14.994631,-67.602705
788580.88,1626260.25,1.0,14.994745,-67.583688
790584.81,1626260.25,1.0,14.994858,-67.564669
956918.56,1626260.25,1.0,15.005354,-65.981108
958922.5,1626260.25,1.0,15.005493,-65.961965
960926.44,1626260.25,1.0,15.005633,-65.942821
964934.38,1626260.25,1.0,15.005913,-65.904527
966938.38,1626260.25,1.0,15.006053,-65.885377
976958.75,1626260.25,1.0,15.006759,-65.789599
978962.69,1626260.25,1.0,15.006902,-65.77044
982970.62,1626260.25,1.0,15.007187,-65.732116
984974.56,1626260.25,1.0,15.00733,-65.712952
1089183.5,1626260.25,1.0,15.015195,-64.713954
1091187.5,1626260.25,1.0,15.015355,-64.694695
1093191.38,1626260.25,1.0,15.015514,-64.675434
1101207.25,1626260.25,1.0,15.016156,-64.59837
1121247.5,1626260.25,1.0,15.017783,-64.40557
1123252.0,1626260.25,1.0,15.017948,-64.386275
736476.44,1624256.25,1.0,14.972729,-68.078471
748500.5,1624256.25,1.0,14.973369,-67.964551
750504.44,1624256.25,1.0,14.973477,-67.945561
752508.44,1624256.25,1.0,14.973585,-67.926568
754512.62,1624256.25,1.0,14.973693,-67.907573
756516.62,1624256.25,1.0,14.973802,-67.888578
780564.75,1624256.25,1.0,14.975129,-67.66054
782568.69,1624256.25,1.0,14.975241,-67.641529
786576.88,1624256.25,1.0,14.975467,-67.6035
788580.88,1624256.25,1.0,14.975581,-67.584485
956918.56,1624256.25,1.0,14.986175,-65.982082
958922.5,1624256.25,1.0,14.986314,-65.962942
960926.44,1624256.25,1.0,14.986453,-65.943799
962930.44,1624256.25,1.0,14.986592,-65.924655
964934.38,1624256.25,1.0,14.986732,-65.90551
966938.38,1624256.25,1.0,14.986872,-65.886362
978962.69,1624256.25,1.0,14.98772,-65.771438
980966.69,1624256.25,1.0,14.987862,-65.752279
982970.62,1624256.25,1.0,14.988005,-65.733118
984974.56,1624256.25,1.0,14.988148,-65.713956
1091187.5,1624256.25,1.0,14.99616,-64.695813
1093191.38,1624256.25,1.0,14.99632,-64.676555
1095195.38,1624256.25,1.0,14.996479,-64.657294
1101207.25,1624256.25,1.0,14.996961,-64.5995
1151308.0,1624256.25,1.0,15.001081,-64.117185
732468.19,1622252.25,1.0,14.953361,-68.117175
734472.44,1622252.25,1.0,14.953467,-68.098193
736476.44,1622252.25,1.0,14.953572,-68.079213
750504.44,1622252.25,1.0,14.954319,-67.946317
752508.44,1622252.25,1.0,14.954427,-67.927327
754512.62,1622252.25,1.0,14.954535,-67.908334
756516.62,1622252.25,1.0,14.954644,-67.889341
778560.75,1622252.25,1.0,14.955856,-67.680336
780564.75,1622252.25,1.0,14.955968,-67.661328
782568.69,1622252.25,1.0,14.956081,-67.642319
784572.94,1622252.25,1.0,14.956193,-67.623306
786576.88,1622252.25,1.0,14.956306,-67.604294
788580.88,1622252.25,1.0,14.95642,-67.585281
956918.56,1622252.25,1.0,14.966998,-65.983055
958922.5,1622252.25,1.0,14.967137,-65.963916
960926.44,1622252.25,1.0,14.967276,-65.944776
962930.44,1622252.25,1.0,14.967415,-65.925634
964934.38,1622252.25,1.0,14.967555,-65.906491
978962.69,1622252.25,1.0,14.968541,-65.772434
980966.69,1622252.25,1.0,14.968683,-65.753277
982970.62,1622252.25,1.0,14.968825,-65.734119
994994.44,1622252.25,1.0,14.969686,-65.619132
1107219.75,1622252.25,1.0,14.978251,-64.542816
1109223.62,1622252.25,1.0,14.978413,-64.523545
1115235.62,1622252.25,1.0,14.9789,-64.465716
1117239.5,1622252.25,1.0,14.979063,-64.446437
734472.44,1620248.0,1.0,14.93431,-68.098932
736476.44,1620248.0,1.0,14.934415,-68.079954
738480.38,1620248.0,1.0,14.934521,-68.060975
752508.44,1620248.0,1.0,14.935269,-67.928084
754512.62,1620248.0,1.0,14.935377,-67.909093
756516.62,1620248.0,1.0,14.935485,-67.890103
780564.75,1620248.0,1.0,14.936808,-67.662114
782568.69,1620248.0,1.0,14.93692,-67.643108
784572.94,1620248.0,1.0,14.937033,-67.624096
786576.88,1620248.0,1.0,14.937146,-67.605087
788580.88,1620248.0,1.0,14.937259,-67.586076
790584.81,1620248.0,1.0,14.937372,-67.567064
958922.5,1620248.0,1.0,14.94796,-65.96489
994994.44,1620248.0,1.0,14.950505,-65.620144
1105215.75,1620248.0,1.0,14.958897,-64.563217
1107219.75,1620248.0,1.0,14.959058,-64.543949
1115235.62,1620248.0,1.0,14.959706,-64.466857
1117239.5,1620248.0,1.0,14.959869,-64.44758
708420.06,1618244.12,1.0,14.913819,-68.346252
710424.06,1618244.12,1.0,14.91392,-68.327292
712428.31,1618244.12,1.0,14.914022,-68.308328
714432.25,1618244.12,1.0,14.914124,-68.289366
716436.25,1618244.12,1.0,14.914226,-68.270402
736476.44,1618244.12,1.0,14.915265,-68.080694
738480.38,1618244.12,1.0,14.915371,-68.061717
756516.62,1618244.12,1.0,14.916333,-67.890863
758520.56,1618244.12,1.0,14.916442,-67.871874
784572.94,1618244.12,1.0,14.917879,-67.624886
786576.88,1618244.12,1.0,14.917991,-67.605878
788580.88,1618244.12,1.0,14.918104,-67.586869
1115235.62,1618244.12,1.0,14.940518,-64.467996
1155316.0,1618244.12,1.0,14.943827,-64.082101
704412.19,1616240.12,1.0,14.89447,-68.384874
706416.12,1616240.12,1.0,14.894571,-68.365918
708420.06,1616240.12,1.0,14.894672,-68.346962
710424.06,1616240.12,1.0,14.894773,-68.328003
712428.31,1616240.12,1.0,14.894875,-68.309041
714432.25,1616240.12,1.0,14.894977,-68.290081
716436.25,1616240.12,1.0,14.895079,-68.271119
718440.19,1616240.12,1.0,14.895181,-68.252157
720444.12,1616240.12,1.0,14.895284,-68.233193
738480.38,1616240.12,1.0,14.896222,-68.062458
740484.38,1616240.12,1.0,14.896327,-68.043481
756516.62,1616240.12,1.0,14.897183,-67.891622
758520.56,1616240.12,1.0,14.897291,-67.872635
1155316.0,1616240.12,1.0,14.924636,-64.083282
706416.12,1614236.12,1.0,14.875427,-68.366625
708420.06,1614236.12,1.0,14.875528,-68.34767
710424.06,1614236.12,1.0,14.875629,-68.328714
712428.31,1614236.12,1.0,14.875731,-68.309754
714432.25,1614236.12,1.0,14.875832,-68.290796
718440.19,1614236.12,1.0,14.876036,-68.252876
720444.12,1614236.12,1.0,14.876139,-68.233914
722448.38,1614236.12,1.0,14.876242,-68.214948
738480.38,1614236.12,1.0,14.877075,-68.063197
740484.38,1614236.12,1.0,14.877181,-68.044222
756516.62,1614236.12,1.0,14.878035,-67.89238
758520.56,1614236.12,1.0,14.878143,-67.873395
760524.56,1614236.12,1.0,14.878252,-67.854408
1153312.0,1614236.12,1.0,14.905279,-64.10377
1155316.0,1614236.12,1.0,14.905447,-64.084461
706416.12,1612232.25,1.0,14.856287,-68.36733
708420.06,1612232.25,1.0,14.856388,-68.348378
710424.06,1612232.25,1.0,14.856489,-68.329423
712428.31,1612232.25,1.0,14.85659,-68.310466
714432.25,1612232.25,1.0,14.856692,-68.29151
716436.25,1612232.25,1.0,14.856793,-68.272552
718440.19,1612232.25,1.0,14.856895,-68.253593
720444.12,1612232.25,1.0,14.856998,-68.234634
722448.38,1612232.25,1.0,14.857101,-68.21567
738480.38,1612232.25,1.0,14.857933,-68.063935
740484.38,1612232.25,1.0,14.858038,-68.044963
756516.62,1612232.25,1.0,14.858891,-67.893137
758520.56,1612232.25,1.0,14.858999,-67.874154
760524.56,1612232.25,1.0,14.859108,-67.855169
762528.5,1612232.25,1.0,14.859216,-67.836183
1201408.25,1612232.25,1.0,14.890205,-63.64101
712428.31,1610228.0,1.0,14.837449,-68.311176
714432.25,1610228.0,1.0,14.83755,-68.292222
716436.25,1610228.0,1.0,14.837652,-68.273266
718440.19,1610228.0,1.0,14.837754,-68.25431
720444.12,1610228.0,1.0,14.837856,-68.235352
740484.38,1610228.0,1.0,14.838894,-68.045702
742488.31,1610228.0,1.0,14.839,-68.026731
756516.62,1610228.0,1.0,14.839746,-67.893892
758520.56,1610228.0,1.0,14.839854,-67.874911
760524.56,1610228.0,1.0,14.839962,-67.855928
762528.5,1610228.0,1.0,14.840071,-67.836945
764532.75,1610228.0,1.0,14.840179,-67.817957
1201408.25,1610228.0,1.0,14.871014,-63.642236
726456.31,1608224.0,1.0,14.819027,-68.179193
740484.38,1608224.0,1.0,14.819756,-68.04644
742488.31,1608224.0,1.0,14.819861,-68.027471
744492.56,1608224.0,1.0,14.819967,-68.008498
748500.5,1608224.0,1.0,14.820179,-67.970553
750504.44,1608224.0,1.0,14.820285,-67.951579
752508.44,1608224.0,1.0,14.820392,-67.932604
754512.62,1608224.0,1.0,14.820499,-67.913625
756516.62,1608224.0,1.0,14.820607,-67.894647
758520.56,1608224.0,1.0,14.820714,-67.875668
760524.56,1608224.0,1.0,14.820822,-67.856687
762528.5,1608224.0,1.0,14.82093,-67.837705
764532.75,1608224.0,1.0,14.821039,-67.81872
968942.31,1608224.0,1.0,14.833661,-65.875054
996998.38,1608224.0,1.0,14.835636,-65.607025
1029062.94,1608224.0,1.0,14.837965,-65.300291
1201408.25,1608224.0,1.0,14.851827,-63.643459
728460.31,1606220.0,1.0,14.799995,-68.160956
740484.38,1606220.0,1.0,14.80062,-68.047177
742488.31,1606220.0,1.0,14.800725,-68.02821
744492.56,1606220.0,1.0,14.800831,-68.009239
748500.5,1606220.0,1.0,14.801042,-67.971298
750504.44,1606220.0,1.0,14.801149,-67.952326
752508.44,1606220.0,1.0,14.801255,-67.933353
754512.62,1606220.0,1.0,14.801362,-67.914376
756516.62,1606220.0,1.0,14.801469,-67.8954
758520.56,1606220.0,1.0,14.801577,-67.876423
760524.56,1606220.0,1.0,14.801685,-67.857444
762528.5,1606220.0,1.0,14.801793,-67.838465
764532.75,1606220.0,1.0,14.801901,-67.819481
964934.38,1606220.0,1.0,14.814228,-65.914286
966938.38,1606220.0,1.0,14.814366,-65.895157
968942.31,1606220.0,1.0,14.814505,-65.876028
740484.38,1604216.12,1.0,14.781488,-68.047912
742488.31,1604216.12,1.0,14.781593,-68.028947
752508.44,1604216.12,1.0,14.782122,-67.9341
754512.62,1604216.12,1.0,14.782229,-67.915126
756516.62,1604216.12,1.0,14.782336,-67.896152
758520.56,1604216.12,1.0,14.782443,-67.877177
760524.56,1604216.12,1.0,14.782551,-67.8582
762528.5,1604216.12,1.0,14.782659,-67.839223
764532.75,1604216.12,1.0,14.782767,-67.820241
962930.44,1604216.12,1.0,14.794938,-65.934378
964934.38,1604216.12,1.0,14.795075,-65.915253
966938.38,1604216.12,1.0,14.795213,-65.896127
968942.31,1604216.12,1.0,14.795352,-65.876999
999002.88,1604216.12,1.0,14.797464,-65.589871
1137279.75,1604216.12,1.0,14.808056,-64.263943
732468.19,1602212.12,1.0,14.761941,-68.12449
752508.44,1602212.12,1.0,14.762991,-67.934847
754512.62,1602212.12,1.0,14.763097,-67.915875
756516.62,1602212.12,1.0,14.763204,-67.896902
758520.56,1602212.12,1.0,14.763311,-67.87793
760524.56,1602212.12,1.0,14.763419,-67.858955
762528.5,1602212.12,1.0,14.763527,-67.83998
964934.38,1602212.12,1.0,14.775924,-65.916219
966938.38,1602212.12,1.0,14.776062,-65.897095
968942.31,1602212.12,1.0,14.7762,-65.877969
1113231.62,1602212.12,1.0,14.786942,-64.496302
1115235.62,1602212.12,1.0,14.787102,-64.477045
1119243.5,1602212.12,1.0,14.787423,-64.438527
1121247.5,1602212.12,1.0,14.787585,-64.419265
1123252.0,1602212.12,1.0,14.787746,-64.399996
1135275.75,1602212.12,1.0,14.788722,-64.28437
1137279.75,1602212.12,1.0,14.788885,-64.265092
694392.06,1600207.88,1.0,14.740899,-68.485161
732468.19,1600207.88,1.0,14.742811,-68.125215
734472.44,1600207.88,1.0,14.742915,-68.106256
742488.31,1600207.88,1.0,14.743332,-68.030419
754512.62,1600207.88,1.0,14.743966,-67.916622
756516.62,1600207.88,1.0,14.744073,-67.897652
758520.56,1600207.88,1.0,14.74418,-67.878681
760524.56,1600207.88,1.0,14.744287,-67.859709
762528.5,1600207.88,1.0,14.744395,-67.840736
764532.75,1600207.88,1.0,14.744502,-67.821758
766536.69,1600207.88,1.0,14.744611,-67.802782
964934.38,1600207.88,1.0,14.756774,-65.917184
966938.38,1600207.88,1.0,14.756911,-65.898061
968942.31,1600207.88,1.0,14.757049,-65.878938
1115235.62,1600207.88,1.0,14.767935,-64.478169
1119243.5,1600207.88,1.0,14.768256,-64.439655
1121247.5,1600207.88,1.0,14.768417,-64.420395
1131267.88,1600207.88,1.0,14.769226,-64.32406
1133271.75,1600207.88,1.0,14.769389,-64.304789
1137279.75,1600207.88,1.0,14.769715,-64.266239
1203412.25,1600207.88,1.0,14.77528,-63.628991
694392.06,1598203.88,1.0,14.721778,-68.485846
696396.0,1598203.88,1.0,14.721875,-68.466915
734472.44,1598203.88,1.0,14.72379,-68.106982
742488.31,1598203.88,1.0,14.724206,-68.031153
752508.44,1598203.88,1.0,14.724733,-67.936337
754512.62,1598203.88,1.0,14.72484,-67.917369
756516.62,1598203.88,1.0,14.724946,-67.898401
758520.56,1598203.88,1.0,14.725053,-67.879432
760524.56,1598203.88,1.0,14.72516,-67.860461
762528.5,1598203.88,1.0,14.725268,-67.84149
764532.75,1598203.88,1.0,14.725375,-67.822515
766536.69,1598203.88,1.0,14.725483,-67.803541
964934.38,1598203.88,1.0,14.737628,-65.918147
966938.38,1598203.88,1.0,14.737766,-65.899026
968942.31,1598203.88,1.0,14.737903,-65.879905
1009022.69,1598203.88,1.0,14.740721,-65.497112
1117239.5,1598203.88,1.0,14.748932,-64.460037
1119243.5,1598203.88,1.0,14.749093,-64.440781
1121247.5,1598203.88,1.0,14.749253,-64.421522
1129263.88,1598203.88,1.0,14.749899,-64.344466
1131267.88,1598203.88,1.0,14.750062,-64.325198
1133271.75,1598203.88,1.0,14.750224,-64.30593
1203412.25,1598203.88,1.0,14.756107,-63.630207
696396.0,1596199.88,1.0,14.702756,-68.467601
698400.0,1596199.88,1.0,14.702854,-68.44867
708420.06,1596199.88,1.0,14.703348,-68.353997
710424.06,1596199.88,1.0,14.703448,-68.335059
734472.44,1596199.88,1.0,14.704668,-68.107707
742488.31,1596199.88,1.0,14.705083,-68.031886
744492.56,1596199.88,1.0,14.705188,-68.012926
746496.5,1596199.88,1.0,14.705293,-67.993966
750504.44,1596199.88,1.0,14.705504,-67.956044
752508.44,1596199.88,1.0,14.70561,-67.93708
754512.62,1596199.88,1.0,14.705716,-67.918114
756516.62,1596199.88,1.0,14.705822,-67.899148
758520.56,1596199.88,1.0,14.705929,-67.880181
760524.56,1596199.88,1.0,14.706036,-67.861213
762528.5,1596199.88,1.0,14.706143,-67.842243
764532.75,1596199.88,1.0,14.706251,-67.82327
766536.69,1596199.88,1.0,14.706358,-67.804298
768540.69,1596199.88,1.0,14.706467,-67.785325
962930.44,1596199.88,1.0,14.718348,-65.938224
964934.38,1596199.88,1.0,14.718485,-65.919108
966938.38,1596199.88,1.0,14.718622,-65.89999
968942.31,1596199.88,1.0,14.71876,-65.880871
970946.31,1596199.88,1.0,14.718898,-65.861749
1009022.69,1596199.88,1.0,14.721574,-65.498119
1115235.62,1596199.88,1.0,14.729613,-64.48041
1117239.5,1596199.88,1.0,14.729772,-64.461159
1119243.5,1596199.88,1.0,14.729933,-64.441904
1131267.88,1596199.88,1.0,14.7309,-64.326335
1133271.75,1596199.88,1.0,14.731062,-64.307068
1139283.75,1596199.88,1.0,14.731551,-64.249253
742488.31,1594196.0,1.0,14.685964,-68.032618
744492.56,1594196.0,1.0,14.686069,-68.013659
746496.5,1594196.0,1.0,14.686174,-67.994702
748500.5,1594196.0,1.0,14.686279,-67.975743
750504.44,1594196.0,1.0,14.686384,-67.956784
752508.44,1594196.0,1.0,14.68649,-67.937822
754512.62,1594196.0,1.0,14.686596,-67.918858
756516.62,1594196.0,1.0,14.686702,-67.899894
758520.56,1594196.0,1.0,14.686809,-67.880929
760524.56,1594196.0,1.0,14.686915,-67.861963
762528.5,1594196.0,1.0,14.687022,-67.842996
764532.75,1594196.0,1.0,14.68713,-67.824024
766536.69,1594196.0,1.0,14.687238,-67.805054
768540.69,1594196.0,1.0,14.687346,-67.786083
962930.44,1594196.0,1.0,14.699209,-65.939182
964934.38,1594196.0,1.0,14.699346,-65.920068
966938.38,1594196.0,1.0,14.699483,-65.900952
968942.31,1594196.0,1.0,14.699621,-65.881834
970946.31,1594196.0,1.0,14.699758,-65.862715
1115235.62,1594196.0,1.0,14.710457,-64.481527
1117239.5,1594196.0,1.0,14.710616,-64.462278
1119243.5,1594196.0,1.0,14.710776,-64.443026
1139283.75,1594196.0,1.0,14.712392,-64.250396
740484.38,1592192.0,1.0,14.666743,-68.052302
742488.31,1592192.0,1.0,14.666847,-68.033349
744492.56,1592192.0,1.0,14.666951,-68.014392
746496.5,1592192.0,1.0,14.667056,-67.995437
748500.5,1592192.0,1.0,14.667161,-67.97648
750504.44,1592192.0,1.0,14.667266,-67.957523
752508.44,1592192.0,1.0,14.667371,-67.938563
754512.62,1592192.0,1.0,14.667477,-67.919601
756516.62,1592192.0,1.0,14.667583,-67.900639
758520.56,1592192.0,1.0,14.66769,-67.881676
760524.56,1592192.0,1.0,14.667796,-67.862712
762528.5,1592192.0,1.0,14.667903,-67.843746
764532.75,1592192.0,1.0,14.668011,-67.824777
766536.69,1592192.0,1.0,14.668118,-67.805809
768540.69,1592192.0,1.0,14.668226,-67.78684
770544.62,1592192.0,1.0,14.668334,-67.76787
970946.31,1592192.0,1.0,14.68062,-65.86368
972950.25,1592192.0,1.0,14.680758,-65.844561
1111227.62,1592192.0,1.0,14.690985,-64.521134
1113231.62,1592192.0,1.0,14.691143,-64.501889
1115235.62,1592192.0,1.0,14.691302,-64.482643
1117239.5,1592192.0,1.0,14.691462,-64.463397
1119243.5,1592192.0,1.0,14.691621,-64.444147
734472.44,1590187.75,1.0,14.647316,-68.109875
736476.44,1590187.75,1.0,14.647419,-68.090927
738480.38,1590187.75,1.0,14.647522,-68.071979
740484.38,1590187.75,1.0,14.647626,-68.053029
742488.31,1590187.75,1.0,14.647729,-68.034079
744492.56,1590187.75,1.0,14.647834,-68.015124
746496.5,1590187.75,1.0,14.647938,-67.996171
748500.5,1590187.75,1.0,14.648043,-67.977216
750504.44,1590187.75,1.0,14.648148,-67.95826
752508.44,1590187.75,1.0,14.648253,-67.939303
754512.62,1590187.75,1.0,14.648359,-67.920342
756516.62,1590187.75,1.0,14.648465,-67.901382
758520.56,1590187.75,1.0,14.648571,-67.882422
760524.56,1590187.75,1.0,14.648678,-67.863459
762528.5,1590187.75,1.0,14.648784,-67.844496
764532.75,1590187.75,1.0,14.648891,-67.825529
766536.69,1590187.75,1.0,14.648999,-67.806563
768540.69,1590187.75,1.0,14.649106,-67.787596
770544.62,1590187.75,1.0,14.649214,-67.768628
772548.62,1590187.75,1.0,14.649323,-67.749658
974954.25,1590187.75,1.0,14.661757,-65.826408
1105215.75,1590187.75,1.0,14.671357,-64.579957
1107219.75,1590187.75,1.0,14.671515,-64.560721
1109223.62,1590187.75,1.0,14.671673,-64.541484
1111227.62,1590187.75,1.0,14.671831,-64.522244
1113231.62,1590187.75,1.0,14.671989,-64.503002
1115235.62,1590187.75,1.0,14.672148,-64.483758
1117239.5,1590187.75,1.0,14.672307,-64.464513
1119243.5,1590187.75,1.0,14.672467,-64.445265
1135275.75,1590187.75,1.0,14.673753,-64.291211
1167340.25,1590187.75,1.0,14.676385,-63.982721
